contrast	feature_id	we.ep	we.eBH	wi.ep	wi.eBH	rab.all	rab.win.Active	rab.win.Control	diff.btw	diff.win	effect	overlap	significant	status	detail	rab.win.Latent
Active_vs_Control	Lactobacillaceae	0.171752453716505	0.938419346867986	0.253125	1	-2.40144903048015	1.00146430530318	-4.79546129906139	-5.44601240984111	4.74357770874703	-1.08298793683654	0.109377266019354	no	ok		NA
Active_vs_Control	Clostridiales Family XIII. Incertae Sedis	0.37315163838516	0.950210856465034	0.228125	0.805509990230143	-1.45877705947818	-3.09374135780695	1.34553433259362	3.27780991350295	4.49579010775214	0.605855830509161	0.207254882531613	no	ok		NA
Active_vs_Control	Ruminococcaceae	0.364442703754448	0.970273840807756	0.45	0.9994140625	-3.19088231700091	-1.06614978658408	-4.77686139939228	-3.42873881680703	4.74436718936017	-0.747563117178072	0.217617507910972	no	ok		NA
Active_vs_Control	Tannerellaceae	0.353265507622027	0.972319321633006	0.44453125	0.9994140625	-3.22752153303769	-1.10289063763898	-4.62405453993702	-3.57494432791607	4.80144362229755	-0.658144843851107	0.213542630602218	no	ok		NA
Active_vs_Control	Leptotrichiaceae	0.379015716030776	0.977813730606088	0.22734375	0.829075381573084	-2.14480325132911	-3.53859594100539	1.24056782399574	3.82599339410012	4.72817917510171	0.738796453563529	0.213542630602218	no	ok		NA
Active_vs_Control	Peptostreptococcaceae	0.258612854500206	0.98086832844962	0.19375	0.793070691818394	-1.69869947156565	-3.24144082733116	3.32796010351963	5.80868901792939	5.67804883496711	1.00363189462362	0.176167051036588	no	ok		NA
Active_vs_Control	Paludibacteraceae	0.30062506016489	0.982270804357949	0.3875	0.9994140625	-2.95624327831691	-1.09686439142084	-4.62933571691549	-3.79977614460277	4.4724714327658	-0.747428958957159	0.186529652830392	no	ok		NA
Active_vs_Control	Hungateiclostridiaceae	0.366472109722404	0.984192759778705	0.221875	0.831373248636576	-2.13004990433174	-3.28508158081922	1.45369753163924	3.95974703578224	5.08147139999554	0.737806324196005	0.217617507910972	no	ok		NA
Active_vs_Control	Desulfovibrionaceae	0.701016336877695	0.986005916075495	0.6140625	0.921659451659452	-2.89122648193238	-3.49831405261035	-2.1774020747024	0.795501623922389	4.02637645853615	0.158763343499887	0.41666686042708	no	ok		NA
Active_vs_Control	Peptoniphilaceae	0.347063310003007	0.988477777498253	0.21171875	0.806620644469909	-1.57438720554537	-3.07887373008558	1.16788038510365	3.4657790574608	4.11114183104175	0.761440527246237	0.197917742061982	no	ok		NA
Active_vs_Control	Sulfurovaceae	0.660528888653682	0.994037686567917	0.5765625	0.935338859277762	-2.78530726684213	-3.29077013186405	-2.2899545227316	0.983712391873788	4.6658771697197	0.218416782701828	0.424870638281578	no	ok		NA
Active_vs_Control	Clostridiaceae	0.35622563835279	0.994272728879939	0.240625	0.854606817881658	-1.82362494129189	-3.2092688805773	0.572559415759051	3.8646589798151	5.08780518376808	0.626589814122877	0.234375836542746	no	ok		NA
Active_vs_Control	Spirochaetaceae	0.566466250707962	0.994673076444786	0.4953125	0.937124318253019	-2.86395036103145	-3.43451613521276	-2.08458413030714	2.09619536695585	5.5720633569222	0.341423269564932	0.359375345192969	no	ok		NA
Active_vs_Control	Lentimicrobiaceae	0.674314371004102	0.995205865351194	0.609375	0.951289317810458	-3.13679142533008	-3.2019439052973	-3.02419128844955	1.31774677417138	6.28008381812507	0.172722500057586	0.430051973081517	no	ok		NA
Active_vs_Control	Moraxellaceae	0.17175993608759	0.997141222209915	0.27734375	0.9994140625	3.84450270826129	6.00302877486981	3.39488752222093	-2.55075564344266	1.65600707889233	-1.19254390991294	0.171876302777131	no	ok		NA
Active_vs_Control	Aerococcaceae	0.591742935056535	1	0.62578125	1	1.09732755091168	2.01342703143964	-0.483477600842555	-1.84289737068599	4.63574312884113	-0.375040321627745	0.321243981829087	no	ok		NA
Active_vs_Control	Bacteroidaceae	0.662353280478747	1	0.56875	0.935459930184195	-2.86437478782148	-3.32368785984759	-2.39540701357953	1.59523865395628	4.85435285341468	0.275220177481679	0.395833579489825	no	ok		NA
Active_vs_Control	Burkholderiaceae	0.780936457962293	1	0.409375	0.98601134702286	0.861420524824412	-0.894281861832487	1.90370272487624	1.41652176489839	6.54981144868842	0.22975900165224	0.32812544059081	no	ok		NA
Active_vs_Control	Campylobacteraceae	0.718929939883655	1	0.68125	0.99429673573975	1.30560771579835	-0.832939366670542	1.79677320905905	1.28498058075095	5.19396965247754	0.188039108965646	0.430051973081517	no	ok		NA
Active_vs_Control	Carnobacteriaceae	0.881071947231047	1	0.734375	0.996571892737358	4.29832059549675	4.47928833268245	4.11851484746218	0.192145300629092	2.68174039065741	0.0944935071596325	0.450777313270224	no	ok		NA
Active_vs_Control	Chlorobiaceae	0.836248897809633	1	0.778125	0.995785845588235	-2.5743341659967	-2.20159857956204	-2.94841367740831	-0.311524294740428	7.23573404283661	-0.0291566976443516	0.468750070918891	no	ok		NA
Active_vs_Control	Endomicrobiaceae	0.667549745200657	1	0.77578125	1	-2.03176544813912	-1.10575318996854	-3.34158418580983	-1.25798611057232	5.4516354855627	-0.222085219027468	0.411458539964782	no	ok		NA
Active_vs_Control	Flavobacteriaceae	0.435777586251956	1	0.4203125	1	2.34764127947855	4.1160337294493	-2.4214651744225	-4.34855675518576	6.97737092231856	-0.592427153414044	0.213542630602218	no	ok		NA
Active_vs_Control	Fusobacteriaceae	0.809475450130047	1	0.878125	1	3.91218025188283	4.36542016346284	3.64908459253794	-0.438968831828086	2.20120010068922	-0.176790448439405	0.440414642995582	no	ok		NA
Active_vs_Control	Lachnospiraceae	0.806215863409026	1	0.71015625	0.998194699754902	4.46719120077767	4.77227565988631	4.27185910956115	0.260983150588562	2.08091890565486	0.125797516016915	0.458333428181143	no	ok		NA
Active_vs_Control	Marinilabiliaceae	0.780948073950205	1	0.79296875	0.990920138888889	-1.90079491640654	-1.43265038656666	-2.31690764599614	-0.326255911508849	5.3467316726665	-0.053893037169019	0.47395839236168	no	ok		NA
Active_vs_Control	Muribaculaceae	0.676081396767801	1	0.6625	0.959001341540404	-3.15983033723942	-3.20061413165933	-3.03281990891825	1.49522530950763	7.55260294989232	0.205506091669174	0.41666686042708	no	ok		NA
Active_vs_Control	Neisseriaceae	0.676291752829397	1	0.70234375	1	6.61646879829461	6.79630810521086	5.32478884353246	-1.35464191155071	1.4206677288497	-0.521328576005302	0.333333757183061	no	ok		NA
Active_vs_Control	Pasteurellaceae	0.801725616355424	1	0.6484375	0.990178268999984	8.08967254066399	8.01789766175236	8.15462440968693	0.303332021555592	2.03328581807259	0.168368312625632	0.401041899485425	no	ok		NA
Active_vs_Control	Porphyromonadaceae	0.702569795520486	1	0.7171875	1	7.00496330840511	7.59457168790247	6.45768420852172	-0.630045010095475	2.42604037469729	-0.304511029075387	0.347150636268329	no	ok		NA
Active_vs_Control	Prevotellaceae	0.886425199292927	1	0.7375	0.998194699754902	7.18349878519266	7.52948372311228	6.84885369755258	0.404793419525522	2.50969489900405	0.175758432468155	0.424870638281578	no	ok		NA
Active_vs_Control	Rikenellaceae	0.784409934657146	1	0.85703125	0.998025173611111	-1.7090924065301	-1.07282778966438	-3.16705617351681	-0.68813179050792	6.01924800077462	-0.114503327852008	0.461139983838242	no	ok		NA
Active_vs_Control	Selenomonadaceae	0.730244060516071	1	0.53828125	1	3.51218064868539	4.69956957011272	3.27559175360889	-1.45661943190369	6.36778586683975	-0.225602239465988	0.274612031782545	no	ok		NA
Active_vs_Control	Streptococcaceae	0.430870139480698	1	0.653125	1	6.89317033854259	7.09822062586997	5.35785142024179	-1.80260151309692	2.48603197675372	-0.659325201113109	0.316062652070532	no	ok		NA
Active_vs_Control	Synergistaceae	0.652719333564396	1	0.728125	0.999309895833333	-1.74140538371607	-1.22460890748233	-2.50987368242299	-1.04819182800692	4.90383993865579	-0.212520651614391	0.348958709054252	no	ok		NA
Active_vs_Control	Tissierellaceae	0.759389312134817	1	0.67109375	0.973681012426901	-3.28376671460133	-3.30289903481634	-3.27354612954153	0.945634770852456	5.38738979154462	0.156101761590542	0.427083501745963	no	ok		NA
Active_vs_Control	Veillonellaceae	0.938736011434768	1	0.85	0.996571892737358	5.38546849455005	5.82646154038236	5.10988748857234	0.00225365904758723	2.66246317765349	0.004576762658987	0.5	no	ok		NA
Latent_vs_Control	Leptotrichiaceae	0.215865667340288	0.983834241238954	0.153125	0.64594362745098	-2.84465129680407	NA	1.41559123703923	-5.21502144764912	4.90571390975175	-0.949295764357024	0.119173013440157	no	ok		-4.49860049576223
Latent_vs_Control	Paludibacteraceae	0.497258461964842	0.987274063444695	0.61640625	1	-3.79462049398781	NA	-4.66897775533784	2.25518976637918	5.06179705317451	0.378125666687086	0.312500493206364	no	ok		-2.7805439144449
Latent_vs_Control	Desulfovibrionaceae	0.412534923765497	0.989034077878119	0.3046875	0.811672794117647	-3.62664067211719	NA	-1.96134760461048	-2.47144519602146	4.14237321155035	-0.572719024057097	0.276042299993488	no	ok		-4.71354895857356
Latent_vs_Control	Marinilabiliaceae	0.454504773606884	0.991406778566971	0.409375	0.833505366161616	-3.57336847559154	NA	-2.04526578572285	-3.23100963607539	4.86514542762078	-0.534967632990985	0.28497468346637	no	ok		-4.3526884620188
Latent_vs_Control	Staphylococcaceae	0.544275895790717	0.994098835657614	0.64140625	1	-3.75264972419342	NA	-4.62409500978071	1.92476197316828	4.88053061525625	0.367371924673598	0.333333757183061	no	ok		-2.55147658536711
Latent_vs_Control	Bacteroidaceae	0.46752957080995	0.996100128057056	0.4109375	0.904388229723708	-3.59499771384769	NA	-2.24239010059681	-2.75559181181483	5.04224039491243	-0.452158894987042	0.281250611542652	no	ok		-4.47077278630937
Latent_vs_Control	Rikenellaceae	0.503277746237192	0.996100128057056	0.47265625	0.894714370596724	-3.72286859901653	NA	-2.82954948601154	-2.4911468007143	6.05208001882298	-0.489170624637941	0.333333757183061	no	ok		-4.31572646241872
Latent_vs_Control	Tannerellaceae	0.536764082679722	0.999455788048078	0.6015625	0.997297794117647	-3.71486960377794	NA	-4.47950500471952	1.96940229888175	4.82033520788318	0.39283342158008	0.296875549929299	no	ok		-2.65394752022023
Latent_vs_Control	Aerococcaceae	0.62582392547207	1	0.47265625	0.984077308006536	-0.954011788609376	NA	-0.276147703434322	-1.73177888553416	5.40141513315421	-0.297354088450886	0.375000301404768	no	ok		-2.96205944656793
Latent_vs_Control	Burkholderiaceae	0.668526094443333	1	0.37578125	0.97538551879085	0.737566435645279	NA	2.0682184662727	-1.52767200638197	6.69662858011587	-0.303670533538382	0.31088132274071	no	ok		-2.51252729538551
Latent_vs_Control	Campylobacteraceae	0.237866126571239	1	0.15234375	0.999609375	2.98926221403902	NA	2.00423825206323	1.74453982445116	2.14706522819739	0.922242740023189	0.0518185718095555	no	ok		3.73356976842909
Latent_vs_Control	Carnobacteriaceae	0.575434051080007	1	0.59765625	0.97059482694593	4.16247805648707	NA	4.31698332203984	-0.343640382813899	1.56995201960135	-0.15913552370946	0.411458539964782	no	ok		4.06919419903657
Latent_vs_Control	Chlorobiaceae	0.609860057760536	1	0.73046875	1	0.906085236393157	NA	-3.01193729052909	2.90362490103425	7.23784637925553	0.362036613861807	0.352331968145601	no	ok		1.75759633491445
Latent_vs_Control	Clostridiaceae	0.539752515686067	1	0.434375	0.984856979723708	-0.0699471437643222	NA	0.584210464749154	-2.66513990706739	6.34261662517599	-0.418152186529501	0.326425311992643	no	ok		-2.98549372145015
Latent_vs_Control	Clostridiales Family XIII. Incertae Sedis	0.479573964828764	1	0.30078125	0.945949416698498	0.516621308488014	NA	1.55806015130699	-2.7839411680576	5.67502236317671	-0.444971278689663	0.255209061138005	no	ok		-2.69584245345158
Latent_vs_Control	Endomicrobiaceae	0.83406525168691	1	0.821875	0.998784722222222	-3.07880627788644	NA	-2.69732586986416	0.805833883270036	6.75952393473222	0.122986561628991	0.458333428181143	no	ok		-3.27294868513411
Latent_vs_Control	Flavobacteriaceae	0.365326681197182	1	0.69296875	1	1.1969530557283	NA	-2.14690436019244	3.59827946888461	4.25816008937961	0.671656869392217	0.331606642538848	no	ok		1.58356162750138
Latent_vs_Control	Fusobacteriaceae	0.759970345575093	1	0.8390625	0.998782169117647	4.02583980155473	NA	3.83774691226472	0.297104340275713	1.44749033580554	0.203272346757064	0.421875181024094	no	ok		4.29204120227543
Latent_vs_Control	Hungateiclostridiaceae	0.533585619270135	1	0.4125	0.968890884952466	0.414800407331124	NA	1.5361484372467	-2.22961056521203	5.90460483094183	-0.37796698718105	0.338542074137571	no	ok		-3.11333142396463
Latent_vs_Control	Lachnospiraceae	0.674467379654884	1	0.70234375	0.999172794117647	5.12031798569782	NA	4.42744995548415	0.785048344017245	1.27193066854416	0.455930325866981	0.338542074137571	no	ok		5.35535460767963
Latent_vs_Control	Lactobacillaceae	0.23572491611723	1	0.39140625	0.999609375	-3.27321931165123	NA	-4.65853909283163	7.5872810005234	6.11227794258512	0.973298621426816	0.191710957260384	no	ok		2.99426868217796
Latent_vs_Control	Lentimicrobiaceae	0.83468389074904	1	0.73046875	0.998003472222222	-2.59497399513888	NA	-2.94676181755395	-0.630884266848336	6.32127703521069	-0.117795961015131	0.466321319211998	no	ok		-2.41561084059148
Latent_vs_Control	Moraxellaceae	0.442665655519541	1	0.48046875	0.96871982694593	3.36538992733791	NA	3.57312807000344	-0.591082039424654	2.20553374970965	-0.176409335008241	0.373057298378818	no	ok		3.074298898796
Latent_vs_Control	Muribaculaceae	0.71938338859663	1	0.90390625	1	1.1163667867791	NA	-2.84950039986967	2.57295966091825	7.87719522070308	0.292957296733685	0.430051973081517	no	ok		2.24584610751933
Latent_vs_Control	Neisseriaceae	0.83025701403942	1	0.74921875	0.994864685457516	5.81991120652645	NA	5.53356110519858	-0.177232051807526	2.43803757295298	-0.110717478188371	0.461139983838242	no	ok		6.08613293688686
Latent_vs_Control	Pasteurellaceae	0.276311927132109	1	0.26953125	0.850616319444444	6.94518133617532	NA	8.33052555649489	-1.61609909824503	1.41812097416023	-0.914383991854774	0.227980139005357	no	ok		6.7157622014653
Latent_vs_Control	Peptococcaceae	0.557421781228312	1	0.69296875	0.999609375	-4.00633255881589	NA	-4.68907970742108	2.06389951711737	5.51133548436912	0.413487250112766	0.341969304696059	no	ok		-3.24891940613355
Latent_vs_Control	Peptoniphilaceae	0.453991822817688	1	0.26953125	0.932410303136406	0.1405873673154	NA	1.32417400471367	-2.40642249901452	5.46742489275703	-0.491211675261129	0.243524094720476	no	ok		-2.98843549940249
Latent_vs_Control	Peptostreptococcaceae	0.55455608753303	1	0.7375	0.995301266339869	3.38489894259046	NA	3.44280533036624	-0.13371767840567	2.07393635369217	-0.035894189231232	0.463541749522704	no	ok		3.32819583908972
Latent_vs_Control	Porphyromonadaceae	0.825270236729504	1	0.92265625	0.998125	6.95462809410563	NA	6.66085140410586	0.3204935164962	1.57964446002086	0.14135677281077	0.442708464566388	no	ok		7.23447618773648
Latent_vs_Control	Prevotellaceae	0.913661584406763	1	0.9203125	0.997297794117647	7.39405754499026	NA	7.03333439301116	0.325796564184479	1.42585608758851	0.192788939917577	0.440414642995582	no	ok		7.55561193578467
Latent_vs_Control	Selenomonadaceae	0.378858674787664	1	0.43046875	1	3.66787295603134	NA	3.49058083933976	1.09940230036468	2.7252355926251	0.439345798748976	0.239584141140091	no	ok		4.37454809661384
Latent_vs_Control	Spirochaetaceae	0.525788251665754	1	0.49765625	1	1.60830611396283	NA	-2.16588703578143	2.09168508051043	6.48615898311011	0.470241044510261	0.255209061138005	no	ok		3.10831793078179
Latent_vs_Control	Streptococcaceae	0.84066472381078	1	0.88984375	1	5.80847181987812	NA	5.52581055740354	0.472635740098944	2.37783244144333	0.209134922034005	0.419689303598504	no	ok		5.98640040760811
Latent_vs_Control	Sulfurovaceae	0.543595782293825	1	0.46328125	0.898868974673203	-3.63215048664509	NA	-2.6496058510611	-2.1161063312761	4.65506487900536	-0.43287275236237	0.302083863853441	no	ok		-4.2478985300191
Latent_vs_Control	Synergistaceae	0.564481788036349	1	0.6359375	1	-0.391786375306986	NA	-2.31209203721978	1.67219298223055	4.97798848109816	0.338862219061626	0.312500493206364	no	ok		0.293984926535501
Latent_vs_Control	Tissierellaceae	0.806464297224719	1	0.753125	0.990455938057041	-2.79869100781026	NA	-3.01131034075563	0.186026044317143	5.88698303384611	0.0312010378053265	0.476683990099631	no	ok		-2.53222561518538
Latent_vs_Control	Veillonellaceae	0.811223116735128	1	0.7046875	1	6.10121104646951	NA	5.27601236228382	0.957752078570051	1.15274611561363	0.461966139248518	0.333333757183061	no	ok		6.26226337186173
Active_vs_Latent	Peptostreptococcaceae	0.0457679210011432	0.729177654849179	0	0	1.3553532677737	-3.64700568644718	NA	6.62838903827076	2.8658183991946	2.35399495461342	0.000365399848804012	no	ok		2.93294495620902
Active_vs_Latent	Ruminococcaceae	0.305442743644354	0.932180622816276	0.37734375	0.9908203125	-3.45095067940239	-1.30088546193477	NA	-3.69377400480685	4.08620341667476	-0.816512007143995	0.165804460157045	no	ok		-4.98534570527141
Active_vs_Latent	Marinilabiliaceae	0.279534027228112	0.93271372326086	0.36640625	0.985546875	-3.39492294368177	-1.09061428543084	NA	-3.99446864323614	4.15325938300955	-0.870501643101937	0.145834940058562	no	ok		-5.22291871689189
Active_vs_Latent	Rikenellaceae	0.332635384915605	0.946304145889666	0.3875	0.9912109375	-3.52551135372185	-1.35824640790515	NA	-3.5769740153704	4.18462851779943	-0.718992969891943	0.191710957260384	no	ok		-4.95601440692832
Active_vs_Latent	Muribaculaceae	0.386804499729813	0.970601503410463	0.23359375	0.871527777777778	-2.17358416871255	-3.56199052984583	NA	4.19034614874627	5.58846144186073	0.750232567431542	0.212436194453191	no	ok		1.88525050089489
Active_vs_Latent	Streptococcaceae	0.155036960518376	0.970922477210719	0.24609375	0.985546875	6.47653067819261	6.90954655853337	NA	-1.3117683874183	1.07401030712514	-1.14604429088194	0.114585480082425	no	ok		5.53817717856911
Active_vs_Latent	Spirochaetaceae	0.318835340502684	0.979535893552166	0.20703125	0.819227430555556	-2.13657312702931	-3.64677558682899	NA	5.05576212530472	5.32483537250565	0.84249766862119	0.197917742061982	no	ok		2.60553483830623
Active_vs_Latent	Staphylococcaceae	0.717790662391166	0.987457662052031	0.621875	0.9611328125	-3.53446101046189	-3.84132469518561	NA	0.979660407247692	4.79135485828669	0.193328477631068	0.411458539964782	no	ok		-3.11485177228996
Active_vs_Latent	Campylobacteraceae	0.170963991092065	0.989960536512235	0.05546875	0.424500868055556	2.67021461473935	-1.23327894413934	NA	4.56962669325418	3.65570883449797	1.07257947727132	0.0520884585758699	no	ok		3.33097637586118
Active_vs_Latent	Clostridiaceae	0.655544796142525	0.995138778057182	0.56328125	0.953797743055556	-3.36673508513235	-3.68875202429528	NA	1.02758582388732	5.04195572540771	0.19761251140078	0.385416940043501	no	ok		-3.02088090279989
Active_vs_Latent	Hungateiclostridiaceae	0.71568496307861	0.995372833629527	0.67421875	0.936783854166667	-3.45574290668826	-3.40294446757833	NA	0.456814884094315	5.84093100950833	0.0842832535433874	0.450777313270224	no	ok		-3.54424712761511
Active_vs_Latent	Pasteurellaceae	0.29641741002891	0.995882422927882	0.51953125	0.9884765625	6.48839519995797	7.84535490453893	NA	-1.47113243727617	1.06947316069619	-0.914871456935195	0.260417369656193	no	ok		6.25753722744238
Active_vs_Latent	Moraxellaceae	0.228148558228542	0.996735694787412	0.22265625	0.9875	3.44111258735109	5.82356749501986	NA	-3.35161781350488	3.90928282078158	-0.912608683713233	0.103629329404354	no	ok		2.71570006364156
Active_vs_Latent	Porphyromonadaceae	0.418496079327726	0.996822100643067	0.57421875	0.991796875	7.00301162983443	7.37273666777943	NA	-0.836998848107487	1.31035278748021	-0.651054844957478	0.286458923739804	no	ok		6.81246989089108
Active_vs_Latent	Clostridiales Family XIII. Incertae Sedis	0.74585674333062	0.997051407212795	0.67578125	0.973914930555556	-3.16272901476853	-3.20242583712196	NA	1.12390224906721	5.32981935679375	0.134225225336071	0.437500143526281	no	ok		-3.12016685215492
Active_vs_Latent	Neisseriaceae	0.397822803003033	0.998378534664305	0.534375	0.998263888888889	6.41696497343882	6.6282815251895	NA	-0.952454573309325	1.35762213913579	-0.63886602638629	0.270833989132961	no	ok		5.71081209129872
Active_vs_Latent	Aerococcaceae	0.359237998167626	0.998579573507253	0.365625	0.995334201388889	0.260250134864365	1.84840135676042	NA	-3.85133346901106	5.84625089084404	-0.59619462174107	0.202073572267362	no	ok		-3.67806493367287
Active_vs_Latent	Tannerellaceae	0.626875468264297	0.999243773208173	0.69453125	0.998046875	-2.00743239125384	-1.26202829323858	NA	-1.38494089442619	4.86769394643699	-0.285727641244518	0.338542074137571	no	ok		-2.72677138606484
Active_vs_Latent	Carnobacteriaceae	0.679430229449787	0.99933580029908	0.7921875	0.9990234375	3.89163358263879	4.39311509018328	NA	-0.759519071864859	1.95143383552747	-0.325664889416861	0.385416940043501	no	ok		3.66863504507198
Active_vs_Latent	Lentimicrobiaceae	0.694150232802262	0.999535736355595	0.58828125	0.950217013888889	-3.29727975724853	-3.66057726160276	NA	1.19982696580985	4.71295950144631	0.191126686486812	0.401041899485425	no	ok		-2.79195927166019
Active_vs_Latent	Paludibacteraceae	0.609765373944883	0.999557776609858	0.71875	1	-2.00507248788725	-1.38011578100889	NA	-1.50372054555243	5.02970648368397	-0.267971492727351	0.338542074137571	no	ok		-3.02683579005924
Active_vs_Latent	Peptoniphilaceae	0.742480759842273	0.999924131562785	0.65234375	0.948415798611111	-3.52442484627978	-3.48320120539803	NA	0.710706664940801	5.29688421652379	0.1209238686503	0.4455959780921	no	ok		-3.52528768617086
Active_vs_Latent	Burkholderiaceae	0.695340706410523	1	0.80390625	0.9990234375	-2.07458777832248	-1.08672717598416	NA	-0.931611836296502	5.07655124869823	-0.149521825022582	0.414507969041735	no	ok		-2.95186242842866
Active_vs_Latent	Chlorobiaceae	0.653861465407499	1	0.49375	0.998502604166667	0.578312510524225	-2.20270023694049	NA	1.83908071453421	6.94059574353043	0.293597357714	0.375000301404768	no	ok		1.25534092293185
Active_vs_Latent	Endomicrobiaceae	0.709930210259333	1	0.85703125	1	-2.19613055518606	-1.09620539853835	NA	-1.69104269721593	6.14656060011058	-0.217834162572988	0.421875181024094	no	ok		-3.67215744072337
Active_vs_Latent	Flavobacteriaceae	0.732885335252723	1	0.684375	1	1.53617974570377	3.9382594605307	NA	-2.51081235699658	3.61368242921225	-0.463988356084402	0.32812544059081	no	ok		1.25598221828862
Active_vs_Latent	Fusobacteriaceae	0.891236470938935	1	0.8921875	1	4.02073431379042	4.16289721360581	NA	-0.175171538355116	1.89514417019267	-0.0983823892858646	0.471502654635049	no	ok		3.90115129587842
Active_vs_Latent	Lachnospiraceae	0.54669351888118	1	0.5421875	0.961458333333333	4.81374264323736	4.62030355077336	NA	0.421005484291954	1.35126352123469	0.34564065404952	0.373057298378818	no	ok		4.91581974701509
Active_vs_Latent	Lactobacillaceae	0.824621434758607	1	0.60390625	0.999479166666667	1.84056505968796	0.689587909684223	NA	1.77559136770649	6.28779569170888	0.228985341097884	0.437500143526281	no	ok		2.55936199598772
Active_vs_Latent	Peptococcaceae	0.796610639283458	1	0.74765625	0.992230902777778	-3.76115149379325	-3.36693553616004	NA	0.0703031281220019	5.81072063665033	0.00930169304191473	0.494791678441589	no	ok		-4.1422705297091
Active_vs_Latent	Prevotellaceae	0.895789008657156	1	0.8640625	1	7.25899439440379	7.37347248187039	NA	-0.295687207131019	1.69147848188664	-0.11267951883368	0.450777313270224	no	ok		7.20377797504955
Active_vs_Latent	Selenomonadaceae	0.704017688827768	1	0.840625	1	4.11016550433648	4.49202880292761	NA	-0.485249320332758	2.82608288753434	-0.103650627534477	0.398963966228268	no	ok		3.93016017801782
Active_vs_Latent	Synergistaceae	0.810771881565497	1	0.74453125	0.999479166666667	-0.538420881425998	-1.00377317902265	NA	0.291727406742766	4.27314147388141	0.0426203212133473	0.463541749522704	no	ok		-0.245394554106415
Active_vs_Latent	Tissierellaceae	0.718742624485262	1	0.6484375	0.965950520833333	-3.25007986107467	-3.47804647454844	NA	0.86488024595	4.90685171820757	0.133314188564754	0.435233307989157	no	ok		-3.02372452171947
Active_vs_Latent	Veillonellaceae	0.812084980392949	1	0.66171875	0.997743055555556	5.79781887656755	5.65028451710605	NA	0.274945958902145	1.52567631690598	0.169286600112794	0.440414642995582	no	ok		5.8380548998043
