species	max_relative_abundance	max_estimated_reads	prevalence_at_threshold	emu_min_relative_abundance	emu_min_estimated_reads	species_reportable	assignment_method
Abiotrophia defectiva	0.0074161969741916	25.0	1	0.005	10.0	yes	EMU
Acinetobacter tandoii	0.0226566950901303	66.99584738151556	3	0.005	10.0	yes	EMU
Actinobacillus porcitonsillarum	0.0026425337857504	20.0489038324884	0	0.005	10.0	no	EMU
Aggregatibacter actinomycetemcomitans	0.052405423081644	453.3750943514031	7	0.005	10.0	yes	EMU
Aggregatibacter aphrophilus	0.0633185083672062	105.8052274816017	8	0.005	10.0	yes	EMU
Aggregatibacter segnis	0.0322985303663651	86.6683030701049	6	0.005	10.0	yes	EMU
Alkalitalea saponilacus	0.0044497181848882	15.000000001258307	0	0.005	10.0	no	EMU
Alloprevotella sp. E39	0.0101703943876108	45.880404613349626	6	0.005	10.0	yes	EMU
Alloprevotella tannerae	0.0040633888663145	23.00000000070316	0	0.005	10.0	no	EMU
Alysiella crassa	0.0029285284712413	30.93404624172216	0	0.005	10.0	no	EMU
Aminipila sp. JN-18	0.0060950832994717	48.0	1	0.005	10.0	yes	EMU
Amniculibacterium aquaticum	0.0032770093072861	34.615049312863896	0	0.005	10.0	no	EMU
Anaerocella delicata	0.0182853149946519	45.00016020183841	1	0.005	10.0	yes	EMU
Bacteroidales bacterium CF	0.0251930120131799	75.99999900791803	4	0.005	10.0	yes	EMU
Bacteroides heparinolyticus	0.0035974628419956	38.0	0	0.005	10.0	no	EMU
Bariatricus massiliensis	0.0055452182004528	20.965160397094763	1	0.005	10.0	yes	EMU
Campylobacter concisus	0.003826824761248	21.67896227247023	0	0.005	10.0	no	EMU
Campylobacter gracilis	0.0119150821175804	67.49894019609343	2	0.005	10.0	yes	EMU
Campylobacter rectus	0.0132077795807734	74.82207132508172	2	0.005	10.0	yes	EMU
Campylobacter showae	0.0088994363690304	30.000000000001595	2	0.005	10.0	yes	EMU
Capnocytophaga gingivalis	0.0249184218332838	84.0	2	0.005	10.0	yes	EMU
Capnocytophaga leadbetteri	0.0049409322107472	16.655882482428996	0	0.005	10.0	no	EMU
Capnocytophaga sp. ChDC OS43	0.009777166973574	37.0	1	0.005	10.0	yes	EMU
Capnocytophaga sp. oral taxon 878	0.0066405481013505	22.385287649652845	1	0.005	10.0	yes	EMU
Catonella morbi	0.0190979276716781	98.0	7	0.005	10.0	yes	EMU
Chlorobium limicola	0.0219422998780983	54.00000000000001	4	0.005	10.0	yes	EMU
Desulfovibrio desulfuricans	0.0011360408974723	12.0	0	0.005	10.0	no	EMU
Dialister invisus	0.0173548773189706	73.99999920607532	4	0.005	10.0	yes	EMU
Eikenella corrodens	0.0058495508925746	23.065981540740225	1	0.005	10.0	yes	EMU
Endomicrobium proavitum	0.0058599472604746	20.0	1	0.005	10.0	yes	EMU
Enterocloster bolteae	0.0162177901900888	91.87378142685314	5	0.005	10.0	yes	EMU
Faecalibacterium prausnitzii	0.0038564224265796	13.0	0	0.005	10.0	no	EMU
Filifactor alocis	0.0272247054043071	87.0	4	0.005	10.0	yes	EMU
Filifactor villosus	0.0040633888663145	10.0	0	0.005	10.0	no	EMU
Flavobacteriaceae bacterium 3519-10	0.0047699470498093	50.38495068713611	0	0.005	10.0	no	EMU
Flintibacter sp. KGMB00164	0.0023748629886737	13.0	0	0.005	10.0	no	EMU
Fretibacterium fastidiosum	0.0038564224265796	21.0	0	0.005	10.0	no	EMU
Fusobacterium nucleatum	0.0290067389393495	114.52906132327792	9	0.005	10.0	yes	EMU
Fusobacterium simiae	0.0082808803064207	87.47093867672206	1	0.005	10.0	yes	EMU
Gemella haemolysans	0.0520798106188704	282.9445823561296	9	0.005	10.0	yes	EMU
Gemella morbillorum	0.0069734494994029	32.343762441049584	3	0.005	10.0	yes	EMU
Granulicatella elegans	0.036524094624704	272.95200183861635	9	0.005	10.0	yes	EMU
Haemophilus haemolyticus	0.0276493645667707	175.31883184463953	9	0.005	10.0	yes	EMU
Haemophilus influenzae	0.0052753241312485	29.858736154372014	4	0.005	10.0	yes	EMU
Haemophilus parahaemolyticus	0.3050838583985997	3222.6007962644085	9	0.005	10.0	yes	EMU
Haemophilus pittmaniae	0.0016670635726227	17.60919251761441	0	0.005	10.0	no	EMU
Haemophilus sp. oral taxon 036	0.0726381916367427	513.9772611014379	9	0.005	10.0	yes	EMU
Hungateiclostridium alkalicellulosi	0.0017534972763643	18.52219173023713	0	0.005	10.0	no	EMU
Hungateiclostridium straminisolvens	0.0031055900621118	25.47780826976288	0	0.005	10.0	no	EMU
Hungatella hathewayi	0.0049623015392959	36.57784069855205	0	0.005	10.0	no	EMU
Lachnoanaerobaculum saburreum	0.0155595451825254	40.13667313047047	5	0.005	10.0	yes	EMU
Lachnoclostridium sp. YL32	0.0042642931428665	24.157220654338943	0	0.005	10.0	no	EMU
Lactobacillus johnsonii	0.0038363171355498	21.0	0	0.005	10.0	no	EMU
Lactobacillus reuteri	0.1450499413559426	794.00337898243	2	0.005	10.0	yes	EMU
Lactobacillus salivarius	0.0071017923571187	21.0	1	0.005	10.0	yes	EMU
Lautropia mirabilis	0.0085331166192604	32.00000000000001	3	0.005	10.0	yes	EMU
Lentimicrobium saccharophilum	0.0160111327308018	39.403397650503365	1	0.005	10.0	yes	EMU
Moraxella bovoculi	0.0743876619668813	124.3017831466588	8	0.005	10.0	yes	EMU
Moraxella cuniculi	0.0183711590002767	30.698206689462403	1	0.005	10.0	yes	EMU
Moraxella nonliquefaciens	0.003819324109906	12.874941574493372	0	0.005	10.0	no	EMU
Muribaculum intestinale	0.0717571126751117	176.59425429344995	2	0.005	10.0	yes	EMU
Neisseria canis	0.0153006384271106	37.65487116911936	1	0.005	10.0	yes	EMU
Neisseria cinerea	0.043439049335909	458.8466781352071	3	0.005	10.0	yes	EMU
Neisseria elongata	0.0190355308721966	64.16877457017506	1	0.005	10.0	yes	EMU
Neisseria meningitidis	0.1581909259444213	820.3061513023171	8	0.005	10.0	yes	EMU
Neisseria mucosa	0.0302235165555949	83.86908433697887	4	0.005	10.0	yes	EMU
Neisseria oralis	0.0038897599352748	13.112380741811528	0	0.005	10.0	no	EMU
Neisseria subflava	0.014072331483141	27.20912218940185	2	0.005	10.0	yes	EMU
Neisseria zalophi	0.0053394125413106	22.014570260909085	1	0.005	10.0	yes	EMU
Oribacterium asaccharolyticum	0.0077815591171379	44.082532398586594	2	0.005	10.0	yes	EMU
Paludibacter propionicigenes	0.0062296590035293	21.000180500897542	1	0.005	10.0	yes	EMU
Parvimonas micra	0.0058695446369402	62.00000000000001	1	0.005	10.0	yes	EMU
Peptoanaerobacter stomatis	0.0021182700794351	12.0	0	0.005	10.0	no	EMU
Peptococcus niger	0.0035159683562847	12.0	0	0.005	10.0	no	EMU
Peptostreptococcus stomatis	0.0073140999593661	76.0	3	0.005	10.0	yes	EMU
Porphyromonas canoris	0.018751824343803	81.0000047050533	3	0.005	10.0	yes	EMU
Porphyromonas catoniae	0.0014894644177436	11.300566537421291	0	0.005	10.0	no	EMU
Porphyromonas endodontalis	0.0284436957711626	92.04508908172492	3	0.005	10.0	yes	EMU
Porphyromonas gingivalis	0.0208296555570072	142.0	6	0.005	10.0	yes	EMU
Porphyromonas pasteri	0.2519387563254848	1395.750275772901	9	0.005	10.0	yes	EMU
Prevotella baroniae	0.0034929846112295	16.225986699962675	0	0.005	10.0	no	EMU
Prevotella buccae	0.0015147211966297	16.0	0	0.005	10.0	no	EMU
Prevotella copri	0.0139243993373426	46.939150166182216	1	0.005	10.0	yes	EMU
Prevotella dentasini	0.0062790506690237	25.554803879062263	1	0.005	10.0	yes	EMU
Prevotella enoeca	0.0049752910612656	28.185023862069905	0	0.005	10.0	no	EMU
Prevotella falsenii	0.0273426934686568	154.89635849994082	8	0.005	10.0	yes	EMU
Prevotella fusca	0.0188386651106797	103.122852815861	5	0.005	10.0	yes	EMU
Prevotella intermedia	0.0077905552135728	44.13349528489029	2	0.005	10.0	yes	EMU
Prevotella koreensis	0.0065014221861032	26.0	1	0.005	10.0	yes	EMU
Prevotella loescheii	0.0179566332584368	42.815166916404415	5	0.005	10.0	yes	EMU
Prevotella melaninogenica	0.0446478656626197	157.23535538940766	4	0.005	10.0	yes	EMU
Prevotella nanceiensis	0.0604985928016313	233.0177482352852	8	0.005	10.0	yes	EMU
Prevotella oris	0.0131622156248562	39.31534748103528	3	0.005	10.0	yes	EMU
Prevotella oulorum	0.0073937944211567	28.56980387375296	1	0.005	10.0	yes	EMU
Prevotella scopos	0.008898896817248	25.6927270907274	1	0.005	10.0	yes	EMU
Prevotella sp. oral taxon 299	0.027688306837572	109.18232608523677	7	0.005	10.0	yes	EMU
Prevotella veroralis	0.0090068799500836	30.7404812696356	1	0.005	10.0	yes	EMU
Prevotellamassilia timonensis	0.1189739648292254	842.3763881044279	9	0.005	10.0	yes	EMU
Saccharicrinis carchari	0.0051121840386253	54.0	1	0.005	10.0	yes	EMU
Schwartzia succinivorans	0.0077797725912627	20.000000000157694	4	0.005	10.0	yes	EMU
Selenomonas infelix	0.0098996163018491	38.83096511676753	1	0.005	10.0	yes	EMU
Selenomonas sp. oral taxon 136	0.0034972137952458	36.941069319182105	0	0.005	10.0	no	EMU
Selenomonas sp. oral taxon 478	0.0037965443464141	40.10289793117231	0	0.005	10.0	no	EMU
Selenomonas sp. oral taxon 920	0.0209284157719416	63.62839344646651	6	0.005	10.0	yes	EMU
Selenomonas sputigena	0.0112726193974497	43.99999397602076	4	0.005	10.0	yes	EMU
Shuttleworthia satelles	0.0138155221454693	56.0000449215956	4	0.005	10.0	yes	EMU
Staphylococcus aureus	0.0022947925860547	13.0	0	0.005	10.0	no	EMU
Stomatobaculum longum	0.0213737668980635	117.0	1	0.005	10.0	yes	EMU
Streptobacillus hongkongensis	0.0035974628419956	38.0	0	0.005	10.0	no	EMU
Streptococcus cristatus	0.0055460309544316	26.39512866702557	1	0.005	10.0	yes	EMU
Streptococcus equinus	0.0031605078862982	10.654072084711382	0	0.005	10.0	no	EMU
Streptococcus gordonii	0.0157086418811992	52.95383178152269	1	0.005	10.0	yes	EMU
Streptococcus koreensis	0.0147989900311435	50.508952976293024	2	0.005	10.0	yes	EMU
Streptococcus milleri	0.003006718646115	22.811974368074733	0	0.005	10.0	no	EMU
Streptococcus mitis	0.0105219890855735	42.56119858687297	3	0.005	10.0	yes	EMU
Streptococcus oralis	0.0407800955089195	325.53407730315746	9	0.005	10.0	yes	EMU
Streptococcus salivarius	0.0244024259744314	138.2397431451539	2	0.005	10.0	yes	EMU
Streptococcus sanguinis	0.0205337332209348	98.30540565468246	5	0.005	10.0	yes	EMU
Streptococcus sinensis	0.0163289241745042	66.97186645964183	3	0.005	10.0	yes	EMU
Streptococcus sp. A12	0.0071042947766249	53.90028447025362	1	0.005	10.0	yes	EMU
Streptococcus sp. I-P16	0.0852472456797617	357.7919870936063	6	0.005	10.0	yes	EMU
Streptococcus sp. LPB0220	0.0178318608385253	60.1112028866689	3	0.005	10.0	yes	EMU
Streptococcus sp. NPS 308	0.0179578225203654	53.10128119272071	2	0.005	10.0	yes	EMU
Streptococcus sp. oral taxon 431	0.0034360186098867	19.46504542500827	0	0.005	10.0	no	EMU
Streptococcus suis	0.0024781783327142	14.038880254825976	0	0.005	10.0	no	EMU
Streptococcus viridans	0.0143491230144409	78.54709938104986	1	0.005	10.0	yes	EMU
Sulfurovum sp. NBC37-1	0.0017040613462084	18.0	0	0.005	10.0	no	EMU
Tannerella forsythia	0.0026478375993022	15.00000000004733	0	0.005	10.0	no	EMU
Tannerella sp. oral taxon HOT-286	0.0053396618214179	18.0	1	0.005	10.0	yes	EMU
Tissierella creatinini	0.0048760666395774	17.999332818188254	0	0.005	10.0	no	EMU
Treponema amylovorum	0.0040600176522506	23.000000000000004	0	0.005	10.0	no	EMU
Treponema denticola	0.0049426301853486	28.0	0	0.005	10.0	no	EMU
Treponema putidum	0.0054804530507855	45.0	1	0.005	10.0	yes	EMU
Treponema sp. OMZ 838	0.0074139452780229	44.0	1	0.005	10.0	yes	EMU
Tropheryma whipplei	0.0040859364702781	31.0	0	0.005	10.0	no	EMU
Veillonella criceti	0.0286761578359197	299.8117542432529	2	0.005	10.0	yes	EMU
Veillonella dispar	0.0020774891396187	11.76897597594026	0	0.005	10.0	no	EMU
Veillonella parvula	0.0267522367314858	151.55142108386738	9	0.005	10.0	yes	EMU
Veillonella ratti	0.07153540366475	542.7391076044587	9	0.005	10.0	yes	EMU
Veillonella rodentium	0.0069161874649102	23.63767567667097	1	0.005	10.0	yes	EMU
[Eubacterium] yurii	0.0053015241882041	56.0	1	0.005	10.0	yes	EMU
[Pasteurella] aerogenes	0.0141398975497374	77.40179918726291	4	0.005	10.0	yes	EMU
