feature_id	reason	total_reads	taxon
cohort_feature_000001	removed_offtarget_pattern	420	d__Bacteria;p__Proteobacteria;c__Alphaproteobacteria;o__Rickettsiales;f__Mitochondria;g__Mitochondria;s__
cohort_feature_000004	removed_domain_unclassified	66	Unassigned
cohort_feature_000007	removed_offtarget_pattern	107	d__Bacteria;p__Proteobacteria;c__Alphaproteobacteria;o__Rickettsiales;f__Mitochondria;g__Mitochondria;s__
cohort_feature_000009	removed_domain_unclassified	519	Unassigned
cohort_feature_000011	removed_domain_unclassified	27	Unassigned
cohort_feature_000013	removed_domain_unclassified	16	Unassigned
cohort_feature_000014	removed_domain_unclassified	654	Unassigned
cohort_feature_000017	removed_offtarget_pattern	21	d__Eukaryota;p__Cnidaria;c__Myxozoa;o__Bivalvulida;f__Bivalvulida;g__Bivalvulida;s__
cohort_feature_000020	removed_domain_unclassified	272	Unassigned
cohort_feature_000021	removed_domain_unclassified	27	Unassigned
cohort_feature_000022	removed_domain_unclassified	180	Unassigned
cohort_feature_000024	removed_offtarget_pattern	96	d__Eukaryota;p__Cnidaria;c__Myxozoa;o__Bivalvulida;f__Bivalvulida;g__Bivalvulida;s__
cohort_feature_000025	removed_offtarget_pattern	65	d__Bacteria;p__Proteobacteria;c__Alphaproteobacteria;o__Rickettsiales;f__Mitochondria;g__Mitochondria;s__
cohort_feature_000026	removed_domain_unclassified	175	Unassigned
cohort_feature_000027	removed_domain_unclassified	475	Unassigned
cohort_feature_000029	removed_domain_unclassified	333	Unassigned
cohort_feature_000032	removed_domain_unclassified	657	Unassigned
cohort_feature_000036	removed_domain_unclassified	71	Unassigned
cohort_feature_000040	removed_domain_unclassified	108	Unassigned
cohort_feature_000042	removed_domain_unclassified	340	Unassigned
cohort_feature_000043	removed_domain_unclassified	80	Unassigned
cohort_feature_000044	removed_domain_unclassified	74	Unassigned
cohort_feature_000045	removed_domain_unclassified	137	Unassigned
cohort_feature_000048	removed_domain_unclassified	115	Unassigned
cohort_feature_000050	removed_offtarget_pattern	84	d__Bacteria;p__Proteobacteria;c__Alphaproteobacteria;o__Rickettsiales;f__Mitochondria;g__Mitochondria;s__
cohort_feature_000051	removed_domain_unclassified	36	Unassigned
cohort_feature_000054	removed_domain_unclassified	25	Unassigned
cohort_feature_000056	removed_domain_unclassified	193	Unassigned
cohort_feature_000059	removed_domain_unclassified	31	Unassigned
cohort_feature_000061	removed_offtarget_pattern	87	d__Eukaryota;p__Cnidaria;c__Myxozoa;o__Bivalvulida;f__Bivalvulida;g__Bivalvulida;s__
cohort_feature_000066	removed_domain_unclassified	833	Unassigned
cohort_feature_000069	removed_domain_unclassified	188	Unassigned
cohort_feature_000072	removed_offtarget_pattern	31	d__Eukaryota;p__Cnidaria;c__Myxozoa;o__Bivalvulida;f__Bivalvulida;g__Bivalvulida;s__
cohort_feature_000074	removed_domain_unclassified	198	Unassigned
cohort_feature_000075	removed_offtarget_pattern	18	d__Eukaryota;p__Cnidaria;c__Myxozoa;o__Bivalvulida;f__Bivalvulida;g__Bivalvulida;s__
cohort_feature_000079	removed_domain_unclassified	306	Unassigned
cohort_feature_000080	removed_offtarget_pattern	268	d__Eukaryota
cohort_feature_000083	removed_domain_unclassified	145	Unassigned
cohort_feature_000087	removed_domain_unclassified	32	Unassigned
cohort_feature_000089	removed_domain_unclassified	202	Unassigned
cohort_feature_000090	removed_domain_unclassified	60	Unassigned
cohort_feature_000091	removed_offtarget_pattern	77	d__Bacteria;p__Proteobacteria;c__Alphaproteobacteria;o__Rickettsiales;f__Mitochondria;g__Mitochondria;s__
cohort_feature_000098	removed_domain_unclassified	24	Unassigned
cohort_feature_000101	removed_domain_unclassified	238	Unassigned
cohort_feature_000102	removed_domain_unclassified	131	Unassigned
cohort_feature_000104	removed_domain_unclassified	32	Unassigned
cohort_feature_000105	removed_domain_unclassified	27	Unassigned
cohort_feature_000106	removed_offtarget_pattern	25	d__Eukaryota;p__Cnidaria;c__Myxozoa;o__Bivalvulida;f__Bivalvulida;g__Bivalvulida;s__
cohort_feature_000107	removed_offtarget_pattern	107	d__Eukaryota;p__Cnidaria;c__Myxozoa;o__Bivalvulida;f__Bivalvulida;g__Bivalvulida;s__
cohort_feature_000110	removed_offtarget_pattern	329	d__Bacteria;p__Proteobacteria;c__Alphaproteobacteria;o__Rickettsiales;f__Mitochondria;g__Mitochondria;s__
cohort_feature_000112	removed_offtarget_pattern	39	d__Eukaryota;p__Cnidaria;c__Myxozoa;o__Bivalvulida;f__Bivalvulida;g__Bivalvulida;s__
cohort_feature_000117	removed_domain_unclassified	313	Unassigned
cohort_feature_000120	removed_domain_unclassified	23	Unassigned
cohort_feature_000121	removed_offtarget_pattern	49	d__Eukaryota;p__Cnidaria;c__Myxozoa;o__Bivalvulida;f__Bivalvulida;g__Bivalvulida;s__
cohort_feature_000125	removed_domain_unclassified	30	Unassigned
cohort_feature_000128	removed_offtarget_pattern	486	d__Bacteria;p__Proteobacteria;c__Alphaproteobacteria;o__Rickettsiales;f__Mitochondria;g__Mitochondria;s__
cohort_feature_000129	removed_domain_unclassified	199	Unassigned
cohort_feature_000130	removed_domain_unclassified	33	Unassigned
cohort_feature_000131	removed_offtarget_pattern	17	d__Bacteria;p__Proteobacteria;c__Alphaproteobacteria;o__Rickettsiales;f__Mitochondria;g__Mitochondria;s__
cohort_feature_000135	removed_domain_unclassified	46	Unassigned
cohort_feature_000136	removed_offtarget_pattern	29	d__Eukaryota;p__Cnidaria;c__Myxozoa;o__Bivalvulida;f__Bivalvulida;g__Bivalvulida;s__
cohort_feature_000138	removed_domain_unclassified	30	Unassigned
cohort_feature_000139	removed_domain_unclassified	72	Unassigned
cohort_feature_000140	removed_offtarget_pattern	126	d__Eukaryota;p__Cnidaria;c__Myxozoa;o__Bivalvulida;f__Bivalvulida;g__Bivalvulida;s__
cohort_feature_000141	removed_domain_unclassified	32	Unassigned
cohort_feature_000142	removed_domain_unclassified	87	Unassigned
cohort_feature_000144	removed_offtarget_pattern	45	d__Eukaryota;p__Cnidaria;c__Myxozoa;o__Bivalvulida;f__Bivalvulida;g__Bivalvulida;s__
cohort_feature_000149	removed_domain_unclassified	302	Unassigned
cohort_feature_000152	removed_offtarget_pattern	17	d__Eukaryota;p__Cnidaria;c__Myxozoa;o__Bivalvulida;f__Bivalvulida;g__Bivalvulida;s__
cohort_feature_000153	removed_domain_unclassified	77	Unassigned
cohort_feature_000154	removed_offtarget_pattern	464	d__Bacteria;p__Proteobacteria;c__Alphaproteobacteria;o__Rickettsiales;f__Mitochondria;g__Mitochondria;s__
cohort_feature_000156	removed_domain_unclassified	113	Unassigned
cohort_feature_000157	removed_domain_unclassified	105	Unassigned
cohort_feature_000160	removed_domain_unclassified	25	Unassigned
cohort_feature_000161	removed_domain_unclassified	161	Unassigned
cohort_feature_000162	removed_domain_unclassified	53	Unassigned
cohort_feature_000163	removed_domain_unclassified	25	Unassigned
cohort_feature_000167	removed_offtarget_pattern	25	d__Eukaryota;p__Cnidaria;c__Myxozoa;o__Bivalvulida;f__Bivalvulida;g__Bivalvulida;s__
cohort_feature_000170	removed_domain_unclassified	151	Unassigned
cohort_feature_000171	removed_domain_unclassified	135	Unassigned
cohort_feature_000174	removed_domain_unclassified	24	Unassigned
cohort_feature_000175	removed_domain_unclassified	104	Unassigned
cohort_feature_000176	removed_domain_unclassified	121	Unassigned
cohort_feature_000177	removed_domain_unclassified	28	Unassigned
cohort_feature_000179	removed_offtarget_pattern	25	d__Bacteria;p__Proteobacteria;c__Alphaproteobacteria;o__Rickettsiales;f__Mitochondria;g__Mitochondria;s__
cohort_feature_000185	removed_domain_unclassified	159	Unassigned
cohort_feature_000186	removed_domain_unclassified	33	Unassigned
cohort_feature_000188	removed_domain_unclassified	24	Unassigned
cohort_feature_000193	removed_offtarget_pattern	318	d__Bacteria;p__Proteobacteria;c__Alphaproteobacteria;o__Rickettsiales;f__Mitochondria;g__Mitochondria;s__
cohort_feature_000195	removed_domain_unclassified	19	Unassigned
cohort_feature_000196	removed_offtarget_pattern	25	d__Bacteria;p__Proteobacteria;c__Alphaproteobacteria;o__Rickettsiales;f__Mitochondria;g__Mitochondria;s__
cohort_feature_000198	removed_offtarget_pattern	16	d__Bacteria;p__Proteobacteria;c__Alphaproteobacteria;o__Rickettsiales;f__Mitochondria;g__Mitochondria;s__
cohort_feature_000200	removed_domain_unclassified	22	Unassigned
cohort_feature_000201	removed_domain_unclassified	61	Unassigned
cohort_feature_000203	removed_domain_unclassified	16	Unassigned
cohort_feature_000204	removed_domain_unclassified	51	Unassigned
cohort_feature_000210	removed_offtarget_pattern	27	d__Eukaryota;p__Cnidaria;c__Myxozoa;o__Bivalvulida;f__Bivalvulida;g__Bivalvulida;s__
cohort_feature_000212	removed_domain_unclassified	40	Unassigned
cohort_feature_000213	removed_offtarget_pattern	82	d__Eukaryota;p__Cnidaria;c__Myxozoa;o__Bivalvulida;f__Bivalvulida;g__Bivalvulida;s__
cohort_feature_000219	removed_domain_unclassified	35	Unassigned
cohort_feature_000222	removed_domain_unclassified	26	Unassigned
cohort_feature_000223	removed_offtarget_pattern	23	d__Bacteria;p__Proteobacteria;c__Alphaproteobacteria;o__Rickettsiales;f__Mitochondria;g__Mitochondria;s__
cohort_feature_000224	removed_offtarget_pattern	25	d__Bacteria;p__Proteobacteria;c__Alphaproteobacteria;o__Rickettsiales;f__Mitochondria;g__Mitochondria;s__
cohort_feature_000225	removed_domain_unclassified	96	Unassigned
cohort_feature_000227	removed_offtarget_pattern	17	d__Eukaryota;p__Cnidaria;c__Myxozoa;o__Bivalvulida;f__Bivalvulida;g__Bivalvulida;s__
cohort_feature_000228	removed_offtarget_pattern	156	d__Bacteria;p__Proteobacteria;c__Alphaproteobacteria;o__Rickettsiales;f__Mitochondria;g__Mitochondria;s__
cohort_feature_000229	removed_offtarget_pattern	21	d__Eukaryota;p__Cnidaria;c__Myxozoa;o__Bivalvulida;f__Bivalvulida;g__Bivalvulida;s__
cohort_feature_000230	removed_offtarget_pattern	43	d__Bacteria;p__Proteobacteria;c__Alphaproteobacteria;o__Rickettsiales;f__Mitochondria;g__Mitochondria;s__
cohort_feature_000231	removed_domain_unclassified	21	Unassigned
cohort_feature_000235	removed_offtarget_pattern	36	d__Eukaryota
cohort_feature_000236	removed_offtarget_pattern	97	d__Bacteria;p__Proteobacteria;c__Alphaproteobacteria;o__Rickettsiales;f__Mitochondria;g__Mitochondria;s__
cohort_feature_000243	removed_domain_unclassified	18	Unassigned
cohort_feature_000244	removed_domain_unclassified	40	Unassigned
cohort_feature_000245	removed_domain_unclassified	16	Unassigned
cohort_feature_000247	removed_offtarget_pattern	20	d__Eukaryota;p__Cnidaria;c__Myxozoa;o__Bivalvulida;f__Bivalvulida;g__Bivalvulida;s__
cohort_feature_000251	removed_domain_unclassified	18	Unassigned
cohort_feature_000254	removed_domain_unclassified	13	Unassigned
cohort_feature_000264	removed_domain_unclassified	34	Unassigned
cohort_feature_000269	removed_offtarget_pattern	28	d__Bacteria;p__Proteobacteria;c__Alphaproteobacteria;o__Rickettsiales;f__Mitochondria;g__Mitochondria;s__
cohort_feature_000270	removed_domain_unclassified	27	Unassigned
cohort_feature_000273	removed_offtarget_pattern	34	d__Eukaryota;p__Cnidaria;c__Myxozoa;o__Bivalvulida;f__Bivalvulida;g__Bivalvulida;s__
cohort_feature_000275	removed_domain_unclassified	199	Unassigned
cohort_feature_000282	removed_offtarget_pattern	27	d__Eukaryota;p__Cnidaria;c__Myxozoa;o__Bivalvulida;f__Bivalvulida;g__Bivalvulida;s__
cohort_feature_000283	removed_domain_unclassified	20	Unassigned
cohort_feature_000286	removed_domain_unclassified	35	Unassigned
cohort_feature_000287	removed_domain_unclassified	23	Unassigned
cohort_feature_000288	removed_domain_unclassified	21	Unassigned
cohort_feature_000290	removed_offtarget_pattern	18	d__Eukaryota;p__Cnidaria;c__Myxozoa;o__Bivalvulida;f__Bivalvulida;g__Bivalvulida;s__
cohort_feature_000291	removed_domain_unclassified	18	Unassigned
cohort_feature_000294	removed_domain_unclassified	31	Unassigned
cohort_feature_000295	removed_offtarget_pattern	14	d__Bacteria;p__Proteobacteria;c__Alphaproteobacteria;o__Rickettsiales;f__Mitochondria;g__Mitochondria;s__
cohort_feature_000297	removed_offtarget_pattern	19	d__Bacteria;p__Proteobacteria;c__Alphaproteobacteria;o__Rickettsiales;f__Mitochondria;g__Mitochondria;s__
cohort_feature_000299	removed_offtarget_pattern	17	d__Eukaryota;p__Cnidaria;c__Myxozoa;o__Bivalvulida;f__Bivalvulida;g__Bivalvulida;s__
cohort_feature_000303	removed_offtarget_pattern	41	d__Eukaryota
cohort_feature_000305	removed_offtarget_pattern	25	d__Bacteria;p__Proteobacteria;c__Alphaproteobacteria;o__Rickettsiales;f__Mitochondria;g__Mitochondria;s__
cohort_feature_000309	removed_offtarget_pattern	18	d__Bacteria;p__Proteobacteria;c__Alphaproteobacteria;o__Rickettsiales;f__Mitochondria;g__Mitochondria;s__
cohort_feature_000310	removed_offtarget_pattern	15	d__Bacteria;p__Proteobacteria;c__Alphaproteobacteria;o__Rickettsiales;f__Mitochondria;g__Mitochondria;s__
cohort_feature_000312	removed_offtarget_pattern	41	d__Bacteria;p__Proteobacteria;c__Alphaproteobacteria;o__Rickettsiales;f__Mitochondria;g__Mitochondria;s__
cohort_feature_000313	removed_offtarget_pattern	15	d__Bacteria;p__Proteobacteria;c__Alphaproteobacteria;o__Rickettsiales;f__Mitochondria;g__Mitochondria;s__
cohort_feature_000315	removed_offtarget_pattern	19	d__Eukaryota;p__Cnidaria;c__Myxozoa;o__Bivalvulida;f__Bivalvulida;g__Bivalvulida;s__
cohort_feature_000318	removed_offtarget_pattern	66	d__Bacteria;p__Proteobacteria;c__Alphaproteobacteria;o__Rickettsiales;f__Mitochondria;g__Mitochondria;s__
cohort_feature_000319	removed_offtarget_pattern	21	d__Bacteria;p__Proteobacteria;c__Alphaproteobacteria;o__Rickettsiales;f__Mitochondria;g__Mitochondria;s__
cohort_feature_000321	removed_offtarget_pattern	31	d__Eukaryota;p__Cnidaria;c__Myxozoa;o__Bivalvulida;f__Bivalvulida;g__Bivalvulida;s__
cohort_feature_000322	removed_offtarget_pattern	18	d__Bacteria;p__Proteobacteria;c__Alphaproteobacteria;o__Rickettsiales;f__Mitochondria;g__Mitochondria;s__
cohort_feature_000325	removed_offtarget_pattern	21	d__Eukaryota
cohort_feature_000326	removed_domain_unclassified	19	Unassigned
cohort_feature_000327	removed_offtarget_pattern	42	d__Eukaryota;p__Cnidaria;c__Myxozoa;o__Bivalvulida;f__Bivalvulida;g__Bivalvulida;s__
cohort_feature_000328	removed_domain_unclassified	43	Unassigned
cohort_feature_000329	removed_domain_unclassified	33	Unassigned
cohort_feature_000330	removed_domain_unclassified	46	Unassigned
cohort_feature_000332	removed_offtarget_pattern	27	d__Eukaryota;p__Cnidaria;c__Myxozoa;o__Bivalvulida;f__Bivalvulida;g__Bivalvulida;s__
cohort_feature_000335	removed_domain_unclassified	16	Unassigned
cohort_feature_000336	removed_domain_unclassified	18	Unassigned
cohort_feature_000338	removed_domain_unclassified	18	Unassigned
cohort_feature_000341	removed_domain_unclassified	30	Unassigned
cohort_feature_000344	removed_offtarget_pattern	19	d__Bacteria;p__Proteobacteria;c__Alphaproteobacteria;o__Rickettsiales;f__Mitochondria;g__Mitochondria;s__
cohort_feature_000346	removed_domain_unclassified	18	Unassigned
cohort_feature_000348	removed_offtarget_pattern	17	d__Eukaryota;p__Cnidaria;c__Myxozoa;o__Bivalvulida;f__Bivalvulida;g__Bivalvulida;s__
cohort_feature_000350	removed_domain_unclassified	16	Unassigned
cohort_feature_000351	removed_domain_unclassified	21	Unassigned
cohort_feature_000352	removed_domain_unclassified	20	Unassigned
cohort_feature_000357	removed_domain_unclassified	15	Unassigned
cohort_feature_000358	removed_domain_unclassified	23	Unassigned
