Feature ID	Taxon	Confidence
cohort_feature_000002	d__Bacteria;p__Proteobacteria;c__Gammaproteobacteria;o__Enterobacterales;f__Pasteurellaceae	0.9999999950773499
cohort_feature_000003	d__Bacteria;p__Firmicutes;c__Bacilli;o__Lactobacillales;f__Lactobacillaceae;g__Lactobacillus;s__	0.9998000789412851
cohort_feature_000005	d__Bacteria;p__Proteobacteria;c__Gammaproteobacteria;o__Enterobacterales;f__Pasteurellaceae	0.9999999932621465
cohort_feature_000006	d__Bacteria;p__Proteobacteria;c__Gammaproteobacteria;o__Enterobacterales;f__Pasteurellaceae;g__Actinobacillus;s__	0.7433106905269712
cohort_feature_000008	d__Bacteria;p__Proteobacteria;c__Gammaproteobacteria;o__Burkholderiales;f__Neisseriaceae;g__Neisseria;s__	0.9913808629430418
cohort_feature_000010	d__Bacteria;p__Campylobacterota;c__Campylobacteria;o__Campylobacterales;f__Campylobacteraceae;g__Campylobacter;s__	0.9999999999911893
cohort_feature_000012	d__Bacteria;p__Firmicutes;c__Clostridia;o__Lachnospirales;f__Lachnospiraceae;g__Lachnoanaerobaculum;s__	0.9939915232435068
cohort_feature_000015	d__Bacteria;p__Firmicutes;c__Clostridia;o__Lachnospirales;f__Lachnospiraceae	0.9740038727011874
cohort_feature_000016	d__Bacteria;p__Proteobacteria;c__Gammaproteobacteria;o__Enterobacterales;f__Pasteurellaceae	0.999439310292649
cohort_feature_000018	d__Bacteria;p__Spirochaetota;c__Spirochaetia;o__Spirochaetales;f__Spirochaetaceae;g__Treponema;s__	0.9765407957929635
cohort_feature_000019	d__Bacteria;p__Firmicutes;c__Negativicutes;o__Acidaminococcales;f__Acidaminococcaceae;g__Phascolarctobacterium;s__	0.9999997143777204
cohort_feature_000023	d__Bacteria;p__Firmicutes;c__Bacilli;o__Lactobacillales;f__Carnobacteriaceae;g__Granulicatella;s__	0.9990337949515828
cohort_feature_000028	d__Bacteria;p__Firmicutes;c__Bacilli;o__Staphylococcales;f__Gemellaceae;g__Gemella;s__	0.9999999999831175
cohort_feature_000030	d__Bacteria;p__Firmicutes;c__Clostridia;o__Peptostreptococcales-Tissierellales;f__Peptostreptococcaceae;g__[Eubacterium]_yurii_group;s__	0.9999972016755624
cohort_feature_000031	d__Bacteria;p__Bacteroidota;c__Bacteroidia;o__Bacteroidales;f__Prevotellaceae;g__Prevotella;s__	0.9542381587143596
cohort_feature_000033	d__Bacteria;p__Planctomycetota;c__Planctomycetes;o__Pirellulales;f__Pirellulaceae;g__Pir4_lineage;s__	0.9964052151119597
cohort_feature_000034	d__Bacteria;p__Firmicutes;c__Bacilli;o__Lactobacillales;f__Lactobacillaceae;g__Limosilactobacillus;s__	0.9999288503872372
cohort_feature_000035	d__Bacteria;p__Proteobacteria;c__Gammaproteobacteria;o__Enterobacterales;f__Pasteurellaceae;g__Aggregatibacter;s__	0.9997767942928423
cohort_feature_000037	d__Bacteria;p__Proteobacteria;c__Gammaproteobacteria;o__Enterobacterales;f__Pasteurellaceae;g__Haemophilus;s__	0.9809045696162086
cohort_feature_000038	d__Bacteria;p__Bacteroidota;c__Bacteroidia;o__Bacteroidales;f__Rikenellaceae;g__Rikenellaceae_RC9_gut_group;s__	0.9506623938046505
cohort_feature_000039	d__Bacteria;p__Firmicutes;c__Bacilli;o__Lactobacillales;f__Streptococcaceae;g__Streptococcus;s__	0.9999999869165778
cohort_feature_000041	d__Bacteria;p__Bacteroidota;c__Bacteroidia;o__Bacteroidales;f__Porphyromonadaceae;g__Porphyromonas;s__	0.9999999631537556
cohort_feature_000046	d__Bacteria;p__Firmicutes;c__Bacilli;o__Staphylococcales;f__Gemellaceae;g__Gemella;s__	0.9999999999917577
cohort_feature_000047	d__Bacteria;p__Firmicutes;c__Clostridia;o__Lachnospirales;f__Lachnospiraceae;g__Lachnospiraceae_UCG-008;s__	0.9224782819899412
cohort_feature_000049	d__Bacteria;p__Firmicutes;c__Bacilli;o__Lactobacillales;f__Lactobacillaceae;g__Limosilactobacillus;s__	0.9999890103026328
cohort_feature_000052	d__Bacteria;p__Firmicutes;c__Negativicutes;o__Veillonellales-Selenomonadales;f__Veillonellaceae;g__Veillonella;s__	0.999999036601205
cohort_feature_000053	d__Bacteria;p__Firmicutes;c__Negativicutes;o__Veillonellales-Selenomonadales;f__Veillonellaceae;g__Veillonella;s__	0.9608416469446123
cohort_feature_000055	d__Bacteria;p__Proteobacteria;c__Gammaproteobacteria;o__Burkholderiales;f__Neisseriaceae;g__Neisseria;s__	0.9996076853326988
cohort_feature_000057	d__Bacteria;p__Firmicutes;c__Bacilli;o__Lactobacillales;f__Streptococcaceae;g__Streptococcus;s__	0.999999418599144
cohort_feature_000058	d__Bacteria;p__Firmicutes;c__Bacilli;o__Lactobacillales;f__Streptococcaceae;g__Streptococcus;s__	0.999973119276202
cohort_feature_000060	d__Bacteria;p__Firmicutes;c__Bacilli;o__Lactobacillales;f__Lactobacillaceae;g__Limosilactobacillus;s__	0.9998252423163287
cohort_feature_000062	d__Bacteria;p__Firmicutes;c__Bacilli;o__Lactobacillales;f__Lactobacillaceae;g__Limosilactobacillus;s__	0.9995814737196752
cohort_feature_000063	d__Bacteria;p__Firmicutes;c__Bacilli;o__Lactobacillales;f__Streptococcaceae;g__Streptococcus;s__	0.9999999012679885
cohort_feature_000064	d__Bacteria;p__Proteobacteria;c__Gammaproteobacteria;o__Burkholderiales;f__Neisseriaceae;g__Neisseria;s__	0.9999356499814964
cohort_feature_000065	d__Bacteria;p__Firmicutes;c__Clostridia;o__Peptostreptococcales-Tissierellales;f__Peptostreptococcaceae;g__Filifactor;s__	0.9999999999297984
cohort_feature_000067	d__Bacteria;p__Proteobacteria;c__Gammaproteobacteria;o__Enterobacterales;f__Pasteurellaceae	0.9999999752305351
cohort_feature_000068	d__Bacteria;p__Bacteroidota;c__Bacteroidia;o__Bacteroidales;f__Prevotellaceae;g__Prevotella;s__	0.9452783808041532
cohort_feature_000070	d__Bacteria;p__Firmicutes;c__Negativicutes;o__Veillonellales-Selenomonadales;f__Veillonellaceae;g__Veillonella;s__	0.9999999973891819
cohort_feature_000071	d__Bacteria;p__Proteobacteria;c__Gammaproteobacteria;o__Enterobacterales;f__Pasteurellaceae	0.9999963152418494
cohort_feature_000073	d__Bacteria;p__Firmicutes;c__Negativicutes;o__Veillonellales-Selenomonadales;f__Veillonellaceae;g__Dialister;s__	0.9998614049506579
cohort_feature_000076	d__Bacteria;p__Proteobacteria;c__Gammaproteobacteria;o__Enterobacterales;f__Pasteurellaceae	0.9999999255760755
cohort_feature_000077	d__Bacteria;p__Firmicutes;c__Bacilli;o__Lactobacillales;f__Streptococcaceae;g__Streptococcus;s__	0.9999999526275486
cohort_feature_000078	d__Bacteria;p__Bacteroidota;c__Bacteroidia	0.8378760546175292
cohort_feature_000081	d__Bacteria;p__Firmicutes;c__Bacilli;o__Staphylococcales;f__Gemellaceae;g__Gemella;s__	0.9999999999996021
cohort_feature_000082	d__Bacteria;p__Firmicutes;c__Bacilli;o__Lactobacillales;f__Lactobacillaceae;g__Limosilactobacillus;s__	0.8127595349515058
cohort_feature_000084	d__Bacteria;p__Firmicutes;c__Bacilli;o__Lactobacillales;f__Streptococcaceae;g__Streptococcus;s__	0.999999680763659
cohort_feature_000085	d__Bacteria;p__Firmicutes;c__Negativicutes;o__Veillonellales-Selenomonadales;f__Veillonellaceae;g__Veillonella;s__	0.9999987614372966
cohort_feature_000086	d__Bacteria;p__Firmicutes;c__Negativicutes;o__Veillonellales-Selenomonadales;f__Veillonellaceae;g__Veillonella;s__	0.9999999998981934
cohort_feature_000088	d__Bacteria;p__Proteobacteria;c__Gammaproteobacteria;o__Enterobacterales;f__Pasteurellaceae;g__Haemophilus;s__	0.8838304571430297
cohort_feature_000092	d__Bacteria;p__Firmicutes;c__Negativicutes;o__Veillonellales-Selenomonadales;f__Veillonellaceae;g__Veillonella;s__	0.99999999997857
cohort_feature_000093	d__Bacteria;p__Firmicutes;c__Bacilli;o__Staphylococcales;f__Gemellaceae;g__Gemella;s__	0.9999999999949978
cohort_feature_000094	d__Bacteria;p__Firmicutes;c__Negativicutes;o__Veillonellales-Selenomonadales;f__Veillonellaceae;g__Veillonella;s__	0.9999992970584428
cohort_feature_000095	d__Bacteria;p__Firmicutes;c__Negativicutes;o__Veillonellales-Selenomonadales;f__Veillonellaceae;g__Dialister;s__	0.9998913551152703
cohort_feature_000096	d__Bacteria;p__Proteobacteria;c__Gammaproteobacteria;o__Burkholderiales;f__Neisseriaceae;g__Neisseria;s__	0.9448183126670148
cohort_feature_000097	d__Bacteria;p__Firmicutes;c__Bacilli;o__Lactobacillales;f__Carnobacteriaceae;g__Granulicatella;s__	0.9999425306767861
cohort_feature_000099	d__Bacteria;p__Firmicutes;c__Bacilli;o__Staphylococcales;f__Gemellaceae;g__Gemella;s__	0.9281170952023666
cohort_feature_000100	d__Bacteria;p__Bacteroidota;c__Bacteroidia;o__Bacteroidales;f__Porphyromonadaceae;g__Porphyromonas;s__	0.9999999923713291
cohort_feature_000103	d__Bacteria;p__Firmicutes;c__Negativicutes;o__Veillonellales-Selenomonadales;f__Veillonellaceae;g__Dialister;s__	0.9997411838178412
cohort_feature_000108	d__Bacteria;p__Bacteroidota;c__Bacteroidia;o__Bacteroidales;f__Porphyromonadaceae;g__Porphyromonas;s__	0.999999832954259
cohort_feature_000109	d__Bacteria;p__Firmicutes;c__Bacilli;o__Lactobacillales;f__Carnobacteriaceae;g__Granulicatella;s__	0.9999430980286873
cohort_feature_000111	d__Bacteria;p__Firmicutes;c__Bacilli;o__Lactobacillales;f__Aerococcaceae;g__Abiotrophia;s__	0.9998869689526094
cohort_feature_000113	d__Bacteria;p__Proteobacteria;c__Gammaproteobacteria;o__Enterobacterales;f__Pasteurellaceae;g__Haemophilus;s__	0.8175988311089404
cohort_feature_000114	d__Bacteria;p__Firmicutes;c__Negativicutes;o__Veillonellales-Selenomonadales;f__Veillonellaceae;g__Veillonella;s__	0.9999999922928283
cohort_feature_000115	d__Bacteria;p__Firmicutes;c__Bacilli;o__Staphylococcales;f__Gemellaceae;g__Gemella;s__	0.9999999999564579
cohort_feature_000116	d__Bacteria;p__Proteobacteria;c__Gammaproteobacteria;o__Enterobacterales;f__Pasteurellaceae;g__Haemophilus;s__	0.829416554129721
cohort_feature_000118	d__Bacteria;p__Proteobacteria;c__Gammaproteobacteria;o__Enterobacterales;f__Pasteurellaceae	0.9999999600175882
cohort_feature_000119	d__Bacteria;p__Bacteroidota;c__Bacteroidia;o__Bacteroidales;f__Prevotellaceae;g__Alloprevotella;s__	0.9999985120539051
cohort_feature_000122	d__Bacteria;p__Firmicutes;c__Bacilli;o__Lactobacillales;f__Streptococcaceae;g__Streptococcus;s__	0.9701792002023342
cohort_feature_000123	d__Bacteria;p__Firmicutes;c__Bacilli;o__Lactobacillales;f__Carnobacteriaceae;g__Granulicatella;s__	0.9999023527333355
cohort_feature_000124	d__Bacteria;p__Firmicutes;c__Bacilli;o__Lactobacillales;f__Carnobacteriaceae;g__Granulicatella;s__	0.9995400339735865
cohort_feature_000126	d__Bacteria;p__Firmicutes;c__Bacilli;o__Lactobacillales;f__Streptococcaceae;g__Streptococcus;s__	0.9999998854222052
cohort_feature_000127	d__Bacteria;p__Firmicutes;c__Bacilli;o__Lactobacillales;f__Streptococcaceae;g__Streptococcus;s__	0.9999998815665734
cohort_feature_000132	d__Bacteria;p__Bacteroidota;c__Bacteroidia;o__Bacteroidales;f__Prevotellaceae;g__Prevotella_7;s__	0.8462582662487383
cohort_feature_000133	d__Bacteria;p__Bacteroidota;c__Bacteroidia;o__Bacteroidales;f__Prevotellaceae;g__Prevotellaceae_UCG-001;s__	0.8886089165492171
cohort_feature_000134	d__Bacteria;p__Bacteroidota;c__Bacteroidia;o__Bacteroidales;f__Prevotellaceae;g__Alloprevotella;s__	0.9999998958525734
cohort_feature_000137	d__Bacteria;p__Proteobacteria;c__Gammaproteobacteria;o__uncultured;f__uncultured;g__uncultured;s__	0.706590596738806
cohort_feature_000143	d__Bacteria;p__Spirochaetota;c__Spirochaetia;o__Spirochaetales;f__Spirochaetaceae;g__Treponema;s__	0.9995320103832483
cohort_feature_000145	d__Bacteria;p__Proteobacteria;c__Gammaproteobacteria;o__Pseudomonadales;f__Moraxellaceae;g__Moraxella;s__	0.9999868115317536
cohort_feature_000146	d__Bacteria;p__Proteobacteria;c__Gammaproteobacteria;o__Enterobacterales;f__Pasteurellaceae	0.9872910157177601
cohort_feature_000147	d__Bacteria;p__Proteobacteria;c__Gammaproteobacteria;o__Enterobacterales;f__Pasteurellaceae	0.9926255217926943
cohort_feature_000148	d__Bacteria;p__Proteobacteria;c__Gammaproteobacteria;o__Burkholderiales;f__Neisseriaceae;g__Neisseria;s__	0.9999917365043216
cohort_feature_000150	d__Bacteria;p__Firmicutes;c__Negativicutes;o__Veillonellales-Selenomonadales;f__Selenomonadaceae;g__Selenomonas;s__	0.8689207843849301
cohort_feature_000151	d__Bacteria;p__Firmicutes;c__Negativicutes;o__Veillonellales-Selenomonadales;f__Selenomonadaceae;g__Selenomonas;s__	0.9923875567104791
cohort_feature_000155	d__Bacteria;p__Bacteroidota;c__Bacteroidia;o__Bacteroidales;f__Prevotellaceae;g__Alloprevotella;s__	0.9950429668600818
cohort_feature_000158	d__Bacteria;p__Proteobacteria;c__Gammaproteobacteria;o__Enterobacterales;f__Pasteurellaceae;g__Aggregatibacter;s__	0.8522580322470262
cohort_feature_000159	d__Bacteria;p__Proteobacteria;c__Gammaproteobacteria;o__Burkholderiales;f__Neisseriaceae;g__Neisseria;s__	0.9999655283498096
cohort_feature_000164	d__Bacteria;p__Proteobacteria;c__Gammaproteobacteria;o__Burkholderiales;f__Neisseriaceae;g__Neisseria;s__	0.9995863507335779
cohort_feature_000165	d__Bacteria;p__Firmicutes;c__Clostridia;o__Lachnospirales;f__Lachnospiraceae;g__Catonella;s__	0.99986091198516
cohort_feature_000166	d__Bacteria;p__Proteobacteria;c__Gammaproteobacteria;o__Enterobacterales;f__Pasteurellaceae	0.9999999421802869
cohort_feature_000168	d__Bacteria;p__Proteobacteria;c__Gammaproteobacteria;o__Pseudomonadales;f__Moraxellaceae;g__Moraxella;s__	0.999987036556104
cohort_feature_000169	d__Bacteria;p__Firmicutes;c__Bacilli;o__Lactobacillales;f__Streptococcaceae;g__Streptococcus;s__	0.9999999825770944
cohort_feature_000172	d__Bacteria;p__Firmicutes;c__Bacilli;o__Lactobacillales;f__Streptococcaceae;g__Streptococcus;s__	0.9999999214875319
cohort_feature_000173	d__Bacteria;p__Proteobacteria;c__Gammaproteobacteria;o__Burkholderiales;f__Neisseriaceae;g__Neisseria;s__	0.9760908270136966
cohort_feature_000178	d__Bacteria;p__Bacteroidota;c__Bacteroidia;o__Bacteroidales;f__Porphyromonadaceae;g__Porphyromonas;s__	0.9999555729761423
cohort_feature_000180	d__Bacteria;p__Firmicutes;c__Clostridia;o__Lachnospirales;f__Lachnospiraceae	0.9990488889821834
cohort_feature_000181	d__Bacteria;p__Synergistota;c__Synergistia;o__Synergistales;f__Synergistaceae;g__Fretibacterium;s__	0.9999915004199499
cohort_feature_000182	d__Bacteria;p__Bacteroidota;c__Bacteroidia;o__Bacteroidales;f__Porphyromonadaceae;g__Porphyromonas;s__	0.9921717645460898
cohort_feature_000183	d__Bacteria;p__Firmicutes;c__Clostridia;o__Peptostreptococcales-Tissierellales;f__Peptostreptococcaceae	0.9596120281237142
cohort_feature_000184	d__Bacteria;p__Firmicutes;c__Bacilli;o__Lactobacillales;f__Streptococcaceae;g__Streptococcus;s__	0.999999990638628
cohort_feature_000187	d__Bacteria;p__Firmicutes;c__Bacilli;o__Lactobacillales;f__Streptococcaceae;g__Streptococcus;s__	0.999999998187775
cohort_feature_000189	d__Bacteria;p__Bacteroidota;c__Bacteroidia;o__Bacteroidales;f__Porphyromonadaceae;g__Porphyromonas;s__	0.9999997057208682
cohort_feature_000190	d__Bacteria;p__Bacteroidota;c__Bacteroidia;o__Bacteroidales;f__Rikenellaceae;g__Rikenellaceae_RC9_gut_group;s__	0.9994877521178741
cohort_feature_000191	d__Bacteria;p__Bacteroidota;c__Bacteroidia;o__Bacteroidales;f__Prevotellaceae;g__Alloprevotella;s__	0.9999969343901208
cohort_feature_000192	d__Bacteria;p__Proteobacteria;c__Gammaproteobacteria;o__Burkholderiales;f__Neisseriaceae;g__Neisseria;s__	0.9993432445786765
cohort_feature_000194	d__Bacteria;p__Firmicutes;c__Bacilli;o__Lactobacillales;f__Carnobacteriaceae;g__Granulicatella;s__	0.9999695160181057
cohort_feature_000197	d__Bacteria;p__Bacteroidota;c__Bacteroidia;o__Bacteroidales;f__Prevotellaceae;g__Alloprevotella;s__	0.9999979880555888
cohort_feature_000199	d__Bacteria;p__Firmicutes;c__Bacilli;o__Lactobacillales;f__Carnobacteriaceae;g__Granulicatella;s__	0.9999748037926273
cohort_feature_000202	d__Bacteria;p__Proteobacteria;c__Gammaproteobacteria;o__Enterobacterales;f__Pasteurellaceae;g__Haemophilus;s__	0.8594579618029948
cohort_feature_000205	d__Bacteria;p__Proteobacteria;c__Gammaproteobacteria;o__Enterobacterales;f__Pasteurellaceae	0.9999993633856503
cohort_feature_000206	d__Bacteria;p__Proteobacteria;c__Gammaproteobacteria;o__Burkholderiales;f__Neisseriaceae;g__Neisseria;s__	0.9428466521236938
cohort_feature_000207	d__Bacteria;p__Firmicutes;c__Clostridia;o__Peptostreptococcales-Tissierellales;f__Peptostreptococcaceae;g__Filifactor;s__	0.9999999982615578
cohort_feature_000208	d__Bacteria;p__Proteobacteria;c__Gammaproteobacteria;o__Enterobacterales;f__Pasteurellaceae	0.9999999913153167
cohort_feature_000209	d__Bacteria;p__Proteobacteria;c__Gammaproteobacteria;o__Burkholderiales;f__Neisseriaceae;g__Neisseria;s__	0.9995855225138512
cohort_feature_000211	d__Bacteria;p__Bacteroidota;c__Bacteroidia;o__Bacteroidales;f__Porphyromonadaceae;g__Porphyromonas;s__	0.9999993991671758
cohort_feature_000214	d__Bacteria;p__Bacteroidota;c__Bacteroidia;o__Bacteroidales;f__Prevotellaceae;g__Prevotella_7;s__	0.9289424683782124
cohort_feature_000215	d__Bacteria;p__Bacteroidota;c__Bacteroidia;o__Bacteroidales;f__Porphyromonadaceae;g__Porphyromonas;s__	0.9999988771726345
cohort_feature_000216	d__Bacteria;p__Bacteroidota;c__Bacteroidia;o__Bacteroidales;f__Porphyromonadaceae;g__Porphyromonas;s__	0.9999999642157611
cohort_feature_000217	d__Bacteria;p__Proteobacteria;c__Gammaproteobacteria;o__Burkholderiales;f__Neisseriaceae;g__Neisseria;s__	0.9964744322761311
cohort_feature_000218	d__Bacteria;p__Bacteroidota;c__Bacteroidia;o__Bacteroidales;f__Prevotellaceae;g__Alloprevotella;s__	0.9999989742540979
cohort_feature_000220	d__Bacteria;p__Proteobacteria	0.7577684104827964
cohort_feature_000221	d__Bacteria;p__Bacteroidota;c__Bacteroidia;o__Bacteroidales;f__Porphyromonadaceae;g__Porphyromonas;s__	0.9999998597353495
cohort_feature_000226	d__Bacteria;p__Bacteroidota;c__Bacteroidia;o__Bacteroidales;f__Porphyromonadaceae;g__Porphyromonas;s__	0.9999997885033391
cohort_feature_000232	d__Bacteria;p__Proteobacteria;c__Gammaproteobacteria;o__Cardiobacteriales;f__Cardiobacteriaceae;g__Cardiobacterium;s__	0.9653631150749935
cohort_feature_000233	d__Bacteria;p__Bacteroidota;c__Bacteroidia;o__Bacteroidales;f__F082;g__F082;s__	0.9999933326058695
cohort_feature_000234	d__Bacteria;p__Bacteroidota;c__Bacteroidia;o__Bacteroidales;f__Prevotellaceae;g__Prevotella;s__	0.9863008624712656
cohort_feature_000237	d__Bacteria;p__Proteobacteria;c__Gammaproteobacteria;o__Enterobacterales;f__Pasteurellaceae;g__Haemophilus;s__	0.8240423862803617
cohort_feature_000238	d__Bacteria;p__Bacteroidota;c__Bacteroidia;o__Bacteroidales;f__Prevotellaceae;g__Prevotella;s__	0.9711558871445388
cohort_feature_000239	d__Bacteria;p__Bacteroidota;c__Bacteroidia;o__Bacteroidales;f__Rikenellaceae;g__Rikenellaceae_RC9_gut_group;s__	0.9833991945381945
cohort_feature_000240	d__Bacteria;p__Bacteroidota;c__Bacteroidia;o__Bacteroidales;f__Prevotellaceae;g__Prevotella;s__	0.9657820576014678
cohort_feature_000241	d__Bacteria;p__Bacteroidota;c__Bacteroidia;o__Bacteroidales;f__Prevotellaceae;g__Prevotella;s__	0.9591097276138162
cohort_feature_000242	d__Bacteria;p__Bacteroidota;c__Bacteroidia;o__Bacteroidales;f__Prevotellaceae	0.9999814179027586
cohort_feature_000246	d__Bacteria;p__Bacteroidota;c__Bacteroidia;o__Bacteroidales;f__Tannerellaceae;g__Tannerella;s__	0.9999990579890895
cohort_feature_000248	d__Bacteria;p__Firmicutes;c__Negativicutes;o__Veillonellales-Selenomonadales;f__Selenomonadaceae;g__Selenomonas;s__	0.9758086225914501
cohort_feature_000249	d__Bacteria;p__Firmicutes;c__Clostridia;o__Peptostreptococcales-Tissierellales;f__Peptostreptococcaceae;g__Peptostreptococcus;s__	0.99999999079364
cohort_feature_000250	d__Bacteria;p__Bacteroidota;c__Bacteroidia;o__Bacteroidales;f__Porphyromonadaceae;g__Porphyromonas;s__	0.9993087739218074
cohort_feature_000252	d__Bacteria;p__Bacteroidota;c__Bacteroidia;o__Bacteroidales;f__Prevotellaceae	0.9999969007439263
cohort_feature_000253	d__Bacteria;p__Proteobacteria;c__Gammaproteobacteria;o__Pseudomonadales;f__Moraxellaceae;g__Moraxella;s__	0.9999905905403235
cohort_feature_000255	d__Bacteria;p__Bacteroidota;c__Bacteroidia;o__Bacteroidales;f__Prevotellaceae;g__Prevotella;s__	0.9820308543037525
cohort_feature_000256	d__Bacteria;p__Proteobacteria;c__Gammaproteobacteria;o__Burkholderiales;f__Neisseriaceae;g__Neisseria;s__	0.9649901267957538
cohort_feature_000257	d__Bacteria;p__Bacteroidota;c__Bacteroidia;o__Bacteroidales;f__Prevotellaceae;g__Alloprevotella;s__	0.9999997888787898
cohort_feature_000258	d__Bacteria;p__Fusobacteriota;c__Fusobacteriia;o__Fusobacteriales;f__Fusobacteriaceae;g__Fusobacterium;s__	0.9999882507131743
cohort_feature_000259	d__Bacteria;p__Bacteroidota;c__Bacteroidia;o__Bacteroidales;f__Prevotellaceae;g__Prevotella;s__	0.95839309947539
cohort_feature_000260	d__Bacteria;p__Bacteroidota;c__Bacteroidia;o__Bacteroidales;f__Porphyromonadaceae;g__Porphyromonas;s__	0.9999933901646786
cohort_feature_000261	d__Bacteria;p__Firmicutes;c__Clostridia;o__Lachnospirales;f__Lachnospiraceae	0.9999996160978962
cohort_feature_000262	d__Bacteria;p__Proteobacteria;c__Gammaproteobacteria;o__Enterobacterales;f__Pasteurellaceae;g__Aggregatibacter;s__	0.7710311978501457
cohort_feature_000263	d__Bacteria;p__Bacteroidota;c__Bacteroidia;o__Bacteroidales;f__Prevotellaceae;g__Prevotella;s__	0.9872290087032527
cohort_feature_000265	d__Bacteria;p__Bacteroidota;c__Bacteroidia;o__Bacteroidales;f__Prevotellaceae;g__Prevotella;s__	0.9735948138241687
cohort_feature_000266	d__Bacteria;p__Bacteroidota;c__Bacteroidia;o__Bacteroidales;f__Porphyromonadaceae;g__Porphyromonas;s__	0.9999977168374047
cohort_feature_000267	d__Bacteria;p__Bacteroidota;c__Bacteroidia;o__Bacteroidales;f__Prevotellaceae;g__Prevotella;s__	0.9805577711447191
cohort_feature_000268	d__Bacteria;p__Campylobacterota;c__Campylobacteria;o__Campylobacterales;f__Campylobacteraceae;g__Campylobacter;s__	0.9999864180317461
cohort_feature_000271	d__Bacteria;p__Firmicutes;c__Clostridia;o__Lachnospirales;f__Lachnospiraceae	0.9999970282969926
cohort_feature_000272	d__Bacteria;p__Bacteroidota;c__Bacteroidia;o__Bacteroidales;f__Prevotellaceae;g__Prevotella;s__	0.9885414976002432
cohort_feature_000274	d__Bacteria;p__Bacteroidota;c__Bacteroidia;o__Bacteroidales;f__Porphyromonadaceae;g__Porphyromonas;s__	0.999999988656498
cohort_feature_000276	d__Bacteria;p__Bacteroidota;c__Bacteroidia;o__Bacteroidales;f__Porphyromonadaceae;g__Porphyromonas;s__	0.9999999142763765
cohort_feature_000277	d__Bacteria;p__Bacteroidota;c__Bacteroidia;o__Bacteroidales;f__Porphyromonadaceae;g__Porphyromonas;s__	0.9999999822640009
cohort_feature_000278	d__Bacteria;p__Proteobacteria;c__Gammaproteobacteria;o__Burkholderiales;f__Neisseriaceae;g__Alysiella;s__	0.8883390865475204
cohort_feature_000279	d__Bacteria;p__Bacteroidota;c__Bacteroidia;o__Bacteroidales;f__Porphyromonadaceae;g__Porphyromonas;s__	0.9946836088270977
cohort_feature_000280	d__Bacteria;p__Bacteroidota;c__Bacteroidia;o__Bacteroidales;f__Porphyromonadaceae;g__Porphyromonas;s__	0.9964685988890062
cohort_feature_000281	d__Bacteria;p__Bacteroidota;c__Bacteroidia;o__Bacteroidales;f__Prevotellaceae;g__Alloprevotella;s__	0.9999966259834501
cohort_feature_000284	d__Bacteria;p__Bacteroidota;c__Bacteroidia;o__Bacteroidales;f__Prevotellaceae;g__Prevotella_7;s__	0.9989231121174671
cohort_feature_000285	d__Bacteria;p__Bacteroidota;c__Bacteroidia;o__Bacteroidales;f__Porphyromonadaceae;g__Porphyromonas;s__	0.9999964766651712
cohort_feature_000289	d__Bacteria;p__Bacteroidota;c__Bacteroidia;o__Bacteroidales;f__Porphyromonadaceae;g__Porphyromonas;s__	0.9999909766414812
cohort_feature_000292	d__Bacteria;p__Bacteroidota;c__Bacteroidia;o__Bacteroidales;f__F082;g__F082;s__	0.999087432863811
cohort_feature_000293	d__Bacteria;p__Bacteroidota;c__Bacteroidia;o__Bacteroidales;f__Rikenellaceae;g__Rikenellaceae_RC9_gut_group;s__	0.9947473205168941
cohort_feature_000296	d__Bacteria;p__Bacteroidota;c__Bacteroidia;o__Bacteroidales;f__Prevotellaceae;g__Prevotella;s__	0.7502104200033562
cohort_feature_000298	d__Bacteria;p__Bacteroidota;c__Bacteroidia;o__Bacteroidales;f__F082;g__F082;s__	0.7030259199019376
cohort_feature_000300	d__Bacteria;p__Bacteroidota;c__Bacteroidia;o__Bacteroidales;f__Prevotellaceae;g__Prevotella;s__	0.9725732565712296
cohort_feature_000301	d__Bacteria;p__Bacteroidota;c__Bacteroidia;o__Bacteroidales;f__Bacteroidaceae;g__Bacteroides;s__	0.9966467662727064
cohort_feature_000302	d__Bacteria;p__Bacteroidota;c__Bacteroidia;o__Bacteroidales;f__Porphyromonadaceae;g__Porphyromonas;s__	0.9999997530858614
cohort_feature_000304	d__Bacteria;p__Bacteroidota;c__Bacteroidia;o__Bacteroidales;f__Porphyromonadaceae;g__Porphyromonas;s__	0.999995044898297
cohort_feature_000306	d__Bacteria;p__Bacteroidota;c__Bacteroidia;o__Bacteroidales;f__Porphyromonadaceae;g__Porphyromonas;s__	0.9999972285413358
cohort_feature_000307	d__Bacteria;p__Proteobacteria;c__Gammaproteobacteria;o__Pseudomonadales;f__Moraxellaceae;g__Moraxella;s__	0.9999697212514005
cohort_feature_000308	d__Bacteria;p__Firmicutes;c__Clostridia;o__Lachnospirales;f__Lachnospiraceae;g__Shuttleworthia;s__	0.8681514578664391
cohort_feature_000311	d__Bacteria;p__Bacteroidota;c__Bacteroidia;o__Bacteroidales;f__Porphyromonadaceae;g__Porphyromonas;s__	0.9997047678081349
cohort_feature_000314	d__Bacteria;p__Fusobacteriota;c__Fusobacteriia;o__Fusobacteriales;f__Fusobacteriaceae;g__Fusobacterium;s__	0.9999999993497113
cohort_feature_000316	d__Bacteria;p__Firmicutes;c__Clostridia;o__Lachnospirales;f__Lachnospiraceae;g__Shuttleworthia;s__	0.9877733223943286
cohort_feature_000317	d__Bacteria;p__Bacteroidota;c__Bacteroidia;o__Flavobacteriales;f__Flavobacteriaceae;g__Capnocytophaga;s__	0.9999999869289128
cohort_feature_000320	d__Bacteria;p__Bacteroidota;c__Bacteroidia;o__Bacteroidales;f__Bacteroidaceae;g__Bacteroides;s__	0.9993956362033195
cohort_feature_000323	d__Bacteria;p__Bacteroidota;c__Bacteroidia;o__Bacteroidales;f__Prevotellaceae;g__Alloprevotella;s__	0.9999900769441372
cohort_feature_000324	d__Bacteria;p__Bacteroidota;c__Bacteroidia;o__Bacteroidales;f__Prevotellaceae;g__Prevotella_7;s__	0.9991226341636367
cohort_feature_000331	d__Bacteria;p__Fusobacteriota;c__Fusobacteriia;o__Fusobacteriales;f__Fusobacteriaceae;g__Fusobacterium;s__	0.9999994359788388
cohort_feature_000333	d__Bacteria;p__Bacteroidota;c__Chlorobia;o__Chlorobiales;f__Chlorobiaceae;g__Chlorobium;s__	0.9722405923781062
cohort_feature_000334	d__Bacteria;p__Bacteroidota;c__Bacteroidia;o__Bacteroidales;f__Prevotellaceae;g__Prevotella;s__	0.9853881093978322
cohort_feature_000337	d__Bacteria;p__Fusobacteriota;c__Fusobacteriia;o__Fusobacteriales;f__Fusobacteriaceae;g__Fusobacterium;s__	0.9999999929207207
cohort_feature_000339	d__Bacteria;p__Bacteroidota;c__Bacteroidia;o__Flavobacteriales;f__Flavobacteriaceae;g__Capnocytophaga;s__	0.9999799151792895
cohort_feature_000340	d__Bacteria;p__Firmicutes;c__Clostridia;o__Peptostreptococcales-Tissierellales;f__Anaerovoracaceae;g__Amnipila;s__	0.99790983869964
cohort_feature_000342	d__Bacteria;p__Bacteroidota;c__Bacteroidia;o__Flavobacteriales;f__Flavobacteriaceae;g__Capnocytophaga;s__	0.9999835020398207
cohort_feature_000343	d__Bacteria;p__Firmicutes;c__Clostridia;o__Peptostreptococcales-Tissierellales;f__Family_XI;g__Parvimonas;s__	0.999999999847148
cohort_feature_000345	d__Bacteria;p__Fusobacteriota;c__Fusobacteriia;o__Fusobacteriales;f__Fusobacteriaceae;g__Fusobacterium;s__	0.9999999999695888
cohort_feature_000347	d__Bacteria;p__Bacteroidota;c__Bacteroidia;o__Flavobacteriales;f__Flavobacteriaceae;g__Capnocytophaga;s__	0.9997855285970669
cohort_feature_000349	d__Bacteria;p__Fusobacteriota;c__Fusobacteriia;o__Fusobacteriales;f__Fusobacteriaceae;g__Fusobacterium;s__	0.9999999902441347
cohort_feature_000353	d__Bacteria;p__Fusobacteriota;c__Fusobacteriia;o__Fusobacteriales;f__Fusobacteriaceae;g__Fusobacterium;s__	0.9999999999992043
cohort_feature_000354	d__Bacteria;p__Campylobacterota;c__Campylobacteria;o__Campylobacterales;f__Campylobacteraceae;g__Campylobacter;s__	0.9999999999856755
cohort_feature_000355	d__Bacteria;p__Bacteroidota;c__Bacteroidia;o__Flavobacteriales;f__Flavobacteriaceae;g__Capnocytophaga;s__	0.9998932789715784
cohort_feature_000356	d__Bacteria;p__Bacteroidota;c__Bacteroidia;o__Flavobacteriales;f__Flavobacteriaceae;g__Capnocytophaga;s__	0.8561798180563404
cohort_feature_000359	d__Bacteria;p__Bacteroidota;c__Chlorobia;o__Chlorobiales;f__Chlorobiaceae;g__Chlorobium;s__	0.9948699453672548
cohort_feature_000360	d__Bacteria;p__Fusobacteriota;c__Fusobacteriia;o__Fusobacteriales;f__Fusobacteriaceae;g__Fusobacterium;s__	0.9999999826534351
cohort_feature_000361	d__Bacteria;p__Bacteroidota;c__Chlorobia;o__Chlorobiales;f__Chlorobiaceae;g__Chlorobium;s__	0.9969481559786351
