pathway_id	SRR26464278	SRR26464279	SRR26464280	SRR26464291	SRR26464292	SRR26464293	SRR26464294	SRR26464295	SRR26464296
14DICHLORBENZDEG-PWY	0.0	0.0	0.0	0.0	0.0	0.0	0.0	0.9807494583133488	5.64207899560609
1CMET2-PWY	321.71387418676784	295.5162470052633	565.672633083912	1153.1599151278792	1441.2654108498964	398.60734666441306	1451.9648398680083	641.1409057328812	498.0478448644121
3-HYDROXYPHENYLACETATE-DEGRADATION-PWY	0.0	3.7801288040890015	0.0	0.0	0.0	0.0	10.316666982246646	0.0	0.0
AEROBACTINSYN-PWY	0.0	0.0	0.0	6.595853655818472	0.0	5.168442133084109	0.0	0.6283797623222038	3.23122224132784
ALLANTOINDEG-PWY	0.0	0.0	0.0	7.821887609620338	0.0	0.0	0.0	1.299669113730713	32.293867530010225
ANAEROFRUCAT-PWY	137.4238258136231	134.6012858862365	847.5364565824127	919.7184052909546	1472.6568469242084	1134.4521845418235	673.170737076041	382.2072513953341	129.63923972457826
ANAGLYCOLYSIS-PWY	228.66884817177305	285.32686793879554	1058.3452607544075	1552.5674248661676	1877.3355186668653	1385.9039986975351	1442.6986757380384	1087.0840170990232	476.5927025275838
ARG+POLYAMINE-SYN	1.23398980739124	67.73027787248762	300.2463886266184	497.3204241436358	338.847701913109	130.25679609151706	213.31147140533892	66.51327318963584	37.660864807218935
ARGININE-SYN4-PWY	28.671811551461207	112.1410694899326	370.45239699117366	723.1667055268449	884.91262047199	271.73054578763674	272.15456329349206	37.13882067388036	223.0605527914198
ARGSYN-PWY	202.21488137325807	222.76853092177495	491.3544036296214	759.2491468214916	1287.135095776913	396.269390295352	1417.6044579666418	610.5311475615113	304.4199458166905
ARGSYNBSUB-PWY	183.61668532740825	226.62219531473863	516.0594689283142	801.9329124430626	1340.2938719836447	430.9804184511057	1389.6763048547302	658.3854055205832	293.5144872195674
ARO-PWY	411.5954617266521	488.4471291720852	1015.9972798231712	1511.0740430921792	1829.9968209576168	835.273330823824	1882.0522735027332	1193.4139471103456	657.9521579325024
ASPASN-PWY	288.7928530938046	313.8806594029442	487.1672421513147	675.8154846262797	1336.6325410769143	502.411504280605	1691.72890796681	585.9784254848082	394.95187303653705
AST-PWY	0.0	0.0	0.0	0.0	0.0	0.0	0.0	0.0	34.42111931389328
BRANCHED-CHAIN-AA-SYN-PWY	343.2434216337473	343.646735586397	758.9546366285155	1113.032008328449	1597.2720754057848	597.2504771235755	1891.614275290076	848.5270364684322	447.5493562401765
CALVIN-PWY	503.04599586513416	598.1246316448362	1236.5371974501986	1725.5261545876992	2407.749477846441	1102.4283786428389	2218.5394138901643	1273.2226912633307	657.9495100774707
CATECHOL-ORTHO-CLEAVAGE-PWY	0.0	0.0	0.0	3.480671970845429	0.0	0.0	0.0	0.5947104073051762	48.56748546364228
CHLOROPHYLL-SYN	0.0	0.0	0.0	55.40945195711561	0.0	21.313343646195356	0.0	0.0	46.77849269313838
CITRULBIO-PWY	3.0809068054028184	97.98862766588888	198.3918239567058	396.3788978972568	236.58119271392457	61.23220781876461	77.27465145174557	53.544020556886345	179.60506845228454
COA-PWY	435.3161127074824	535.4165878671529	1116.6363145318187	1683.899776782974	2032.889325143048	1398.8576341968665	1955.1864087154884	1366.8248941661875	474.28413785104885
COA-PWY-1	435.2719340509518	517.0367290489585	1002.2322203624286	1570.208973866425	1943.409727271668	1336.4241235335355	1916.7651563361956	1238.753478439598	506.1587923522182
COBALSYN-PWY	171.0844337757615	219.1585707957176	263.0258678246052	512.2388848770249	611.4143578264298	279.5463971837013	316.5543370985412	274.5989395429991	171.99748175587163
CODH-PWY	0.0	0.0	0.0	0.0	14.286413625256436	0.0	0.0	0.0	7.607322344580112
COLANSYN-PWY	251.87387646124208	351.9535995389392	577.1107770143739	1235.9272670193373	798.0366563661061	546.8409840955824	534.4964261457234	900.267224219037	401.24504426265446
COMPLETE-ARO-PWY	412.8459212985889	475.276992801258	1033.22056262156	1555.274800026221	1919.6696712282144	876.2556704580879	1964.5669268221916	1179.5349750219225	641.284757946121
CRNFORCAT-PWY	0.0	0.9878144634630064	0.0	0.0	0.0	0.0	0.0	0.0	0.0
DAPLYSINESYN-PWY	331.06549834374675	348.85882021599264	795.1540629292548	1208.9503252690124	1540.073212986544	1052.9187053549142	1787.743922671756	825.7126139902183	527.9241088389207
DARABCATK12-PWY	113.2225298870436	138.18900687334556	175.57769962051267	110.17653846430116	809.4742459317241	55.21266926577557	1186.0954201431791	445.6556059242611	40.75365494262636
DENITRIFICATION-PWY	39.16736245169093	97.17305256995526	266.81026629173215	495.4931082346496	309.301783810988	123.16098574946768	135.1202151880586	276.4455158083154	19.21257984359516
DENOVOPURINE2-PWY	401.8690176686338	482.8333542458805	993.4146007392638	1447.6423818583364	1763.1325468072823	839.7984155295524	1963.9066717268483	1062.1414031727763	454.6415989361108
DHGLUCONATE-PYR-CAT-PWY	0.0	0.0	0.0	0.025955223766744	0.0	0.0	0.0	0.0	0.0
DTDPRHAMSYN-PWY	228.32068429323263	404.304036678626	886.2527195516315	1235.8336117602926	1463.3296686145516	839.5287762765746	1189.5166895085872	894.0494181806307	586.8197603780741
ECASYN-PWY	0.0	0.0	10.81841510428088	0.0	15.508881248459776	0.0	0.0	0.0	0.0
FAO-PWY	104.45483188337644	104.56487425794164	0.0	460.2631352389828	638.8853969360374	30.87256551767731	1141.2669885662635	440.8426305037608	110.42484436522092
FERMENTATION-PWY	391.025376509717	481.070818971363	882.6957988120614	1068.1906532888397	1771.3419890521527	1017.8329539740712	2077.580299184568	1270.608814923961	316.55525225627
FOLSYN-PWY	465.3475404803069	557.3476681204639	1055.7414666713378	1527.8268727599695	1899.3304227184103	1057.5306149887087	2102.019254213877	1300.2868206226774	593.979697166831
FUC-RHAMCAT-PWY	5.169784679207438	35.09162182139798	95.25055141739664	154.0227157572241	276.30734189273977	38.21001884297189	100.58711265166286	3.70459703747718	37.46043933330786
FUCCAT-PWY	116.58884781825452	139.6802500555076	92.93304027556464	122.21135653198203	856.354017530352	49.56531157487736	1174.154161513963	421.0588106854627	25.192793085432896
GALACTARDEG-PWY	0.0	0.8443331256073578	30.26296679884401	31.61132043960635	22.06918425483008	83.23905660549241	13.797301928866986	2.901091749619402	138.45210664969497
GALACTITOLCAT-PWY	7.519958603624716	49.9065246136763	188.04223381154236	30.580659170618954	183.0343225315249	398.64558202721054	155.71861972852756	0.0479873001703708	0.0
GALLATE-DEGRADATION-I-PWY	0.0	0.0	1.4864206027440447	0.0	0.0	0.0	0.0	0.2947205704029434	11.163854476147776
GALLATE-DEGRADATION-II-PWY	0.0	0.0	1.8719777211809407	0.0	0.0	0.0	0.0	0.3124007356269184	14.004297760560084
GLCMANNANAUT-PWY	350.6596048748008	333.3651083085415	497.1886585025006	143.1612171954636	1349.9495638725905	719.4421713821927	1655.739317635732	578.4514552111158	152.89857908618566
GLUCARDEG-PWY	0.0	0.0	2.2047205515171	31.61132043960635	74.99295724583865	83.23623151870812	10.2195458341179	0.4629604282794219	22.18511722172964
GLUCARGALACTSUPER-PWY	0.0	0.8443331256073578	30.26296679884401	31.61132043960635	22.06918425483008	83.23905660549241	13.797301928866986	2.901091749619402	138.45210664969497
GLUCONEO-PWY	230.8572789752764	247.55277570383717	889.2737089242795	1330.0788963519435	1576.472684029392	1077.983608720731	1358.4091029276	1038.319316500584	597.9724081780345
GLUCOSE1PMETAB-PWY	205.5368821514165	374.1195419785021	1241.8006229495736	1447.7923459818492	1507.0365547272734	1306.5332957297514	662.4366970660744	998.3796302338992	584.0183202547896
GLUDEG-I-PWY	7.93448901611358	0.0	10.08295900589226	231.61769075939296	2.332822855936516	89.03474626021122	51.36915248836349	2.1806844623633164	26.99790546324624
GLUTORN-PWY	108.4455527962399	151.47728950529137	325.4276999058187	789.7110116434097	1173.2784116733417	196.21303469870196	1266.8698672840742	596.7633047300562	302.5121716385056
GLYCOCAT-PWY	279.9235044816323	292.5040494929878	335.5107607370508	187.3922325232125	1010.9918980373624	122.4656570706904	1058.058814611676	739.52718550566	228.9094771934394
GLYCOGENSYNTH-PWY	357.6437980397196	422.9508353226082	1008.8310184332388	1376.0666718861314	1766.6259893321983	835.0013401463897	1861.8231471940207	1027.350993656854	555.1969074208641
GLYCOL-GLYOXDEG-PWY	0.0	0.0	41.62401595374628	144.88979110129097	0.0	39.22546646720518	0.0	44.306094914623735	28.18188970100249
GLYCOLYSIS	266.2592008188644	284.9686527343204	1050.0128257716678	1538.7739778526472	1858.833931836444	1302.9794517124517	1479.2458803367997	1116.8959967942965	476.85343627858
GLYCOLYSIS-E-D	0.0	49.74754167065844	511.3061401340567	420.0242443138974	0.0	358.64449927925114	329.663096918454	451.2311262760234	91.58927021720966
GLYOXYLATE-BYPASS	0.0	0.0	36.72735179055404	38.24576754019252	0.0	35.550476477392564	0.0	30.801587234812715	73.00131563086718
GOLPDLCAT-PWY	4.988249643487012	7.13834774561857	10.32265505253567	30.55933944455399	15.845699205956093	43.39856570899431	24.75947474350416	1.3025019075539312	0.0
HCAMHPDEG-PWY	0.0	0.0	0.0	0.0	0.0	0.0	0.0	0.0	28.800000000000004
HEME-BIOSYNTHESIS-II	175.5848338596606	271.0524136524978	238.6989224395522	1046.7240989122738	758.8317550384076	406.8709571771847	452.4443844767024	453.8940166007945	111.2688245547896
HEME-BIOSYNTHESIS-II-1	182.62455509466216	222.2708695698215	203.6046510411723	174.57389864976938	767.4595264838141	129.7101762398106	1376.0615469082377	556.9155592551499	91.78440857852269
HEMESYN2-PWY	182.62455509466216	222.2708695698215	94.58021964540664	163.078506171403	767.4595264838141	51.68119761577336	1376.0615469082377	573.2977857572172	88.72422326945889
HEXITOLDEGSUPER-PWY	20.29163779503176	76.08436915491036	251.8392227273877	72.80763653234649	432.1934566931026	708.9257158557937	243.58687360292365	0.1668565450961831	0.0
HISDEG-PWY	72.2178515340758	75.39306327249746	286.4506026163714	338.6302187556439	295.39028683815013	53.01748630110283	232.0831619718593	269.3388393218173	145.59162020265643
HISTSYN-PWY	89.27580211617638	169.42181028067483	282.9959495303801	438.29442779618586	746.2726064489615	199.0908226641893	827.4576203431864	426.1366638516848	296.45921957891846
HOMOSER-METSYN-PWY	47.379685612100126	184.0732565460724	423.99034737477234	435.194769223642	1112.140120136258	314.44933958014474	555.9123046703136	48.78989939913976	138.64575644506718
HSERMETANA-PWY	304.3341468065984	313.29201146599894	569.1829869276239	871.0999959213069	1247.3171619008117	438.3244805517893	1360.166642411387	526.9492055654015	401.5071588186936
ILEUSYN-PWY	386.872792118405	382.3519591387755	823.543975863399	1194.2408157465704	1741.7120684419424	654.2850820370116	2065.272633046711	1029.6790274627965	478.80565850898887
KDO-NAGLIPASYN-PWY	364.3956122938421	367.3595660369005	314.8972974647991	0.0	1077.2097855582892	43.31754289515157	1673.819967656982	993.8650109260984	265.51244488647416
KETOGLUCONMET-PWY	0.0	16.048255800946336	0.1202096378357088	31.01974719860381	6.989047015433525	0.0	0.1048487763070043	0.0201850637013778	0.0
LACTOSECAT-PWY	0.0	110.34808633239896	314.2696925291369	27.932495725638564	196.0628081905308	876.7291821909043	159.65951642995748	28.030271580012496	0.0
LIPASYN-PWY	0.0	22.5737161123891	247.10561500413303	683.4707458080377	70.34932291284598	111.2548324541612	121.3995864465132	0.0	123.8835779320708
MET-SAM-PWY	84.48746023151949	255.8156655854466	551.4147493755972	687.0230854229646	1385.9364335492214	418.3982789609697	843.851108229176	92.4678345924251	230.4481157168784
METH-ACETATE-PWY	0.0	0.0	0.0	0.0	15.493397675282305	0.0	0.0	0.0	8.314984486541142
METHGLYUT-PWY	144.90935298085344	166.96989228029207	315.69920884342207	224.75561346310803	801.7677143838285	143.44949091271144	1371.7749930068514	602.4443013235407	77.30265486971872
METHYLGALLATE-DEGRADATION-PWY	0.0	0.0	0.0	0.0	0.0	0.0	0.0	0.2947205704029434	0.0
METSYN-PWY	76.85943584093575	258.2238336687418	566.9562322932042	645.4720614417608	1382.6331909118503	454.440762057294	817.251805358558	82.728044718566	214.61849143252616
NAD-BIOSYNTHESIS-II	286.7519385830833	217.47031470401504	85.9302951823122	16.341842981870084	808.7364650563825	44.89463156251976	1709.012632397345	606.2116620096698	151.85484518859909
NAGLIPASYN-PWY	395.5164238801957	451.98251509207984	677.9381899466621	1524.5731040317817	1242.629147696724	398.8082890806684	1721.426104708925	1196.1769300980045	669.4605291825603
NONMEVIPP-PWY	402.0378600952161	418.7983914913348	843.5415814855605	1058.2346830717538	1621.1098505228858	559.6428612284618	1819.403497756493	1217.3633911651136	699.7184415806212
NONOXIPENT-PWY	438.5240020073159	608.3628588093916	1287.0892105912783	2124.577942836737	2186.943630800089	1557.3682464362869	2113.1807077494127	1199.7397012902557	864.5978070817281
OANTIGEN-PWY	254.94797381480276	343.505707981808	786.0605380016198	978.4329293678898	1408.0015801063776	1012.5182294202118	1378.115562090481	769.144396957219	322.8231805553248
ORNDEG-PWY	0.0	0.0	0.0	0.0	0.0	0.0	0.0	1.581324970538278	0.0
P101-PWY	0.0	1.138976382822641	3.4945970280741725	44.69889069567712	85.69353004621132	18.702215182759893	49.15937468023809	0.0	3.5995420236648874
P105-PWY	0.0	0.0	0.0	57.13069113738623	19.788284194600024	0.0	0.0	0.0	39.6179124662437
P108-PWY	0.0	0.0	0.0	764.9375183128858	29.83767691714835	59.91701106525591	26.83085051391224	0.0	62.40266144479208
P125-PWY	0.0	49.5635253030165	260.50872185661405	142.6860977573383	20.941091976601	107.5216639425148	94.82735298391584	179.57178302469129	22.222425193853685
P163-PWY	3.1290205687331314	9.473819857092948	16.392699772760984	77.21972238616607	386.1962756088224	4.925073454331278	45.59464352216267	8.60072069942755	86.4481279433964
P164-PWY	0.0	0.0	160.31576579293522	82.0843022926922	255.3245497998979	55.02807920002211	207.6676221845487	0.0	220.6886553823565
P184-PWY	0.0	0.0	0.0	0.0	0.0	0.0	0.0	0.3173913835108621	0.0
P185-PWY	0.0	52.82137887625118	166.21699587862685	55.02257919340277	32.75156201289645	68.37988508514327	39.379915403755454	3.4106924738041218	0.0
P221-PWY	0.0	0.0	31.900478079749288	293.0798873116765	361.6546775023231	98.39917869912892	0.0	3.1281655830300417	185.6352507252494
P23-PWY	2.4359279655860564	132.24575428624522	666.2223180628024	1130.3738461471453	961.9016783919308	326.3932016553599	379.9203933015386	472.42962951218624	317.4695441681457
P4-PWY	130.55328377331406	281.65469292554326	659.8511027864728	863.7955229066515	1416.290351682777	559.8726499385514	1172.7793565631634	171.63743765609286	293.5709933070835
P42-PWY	334.01595862326553	405.7390211747371	728.4986054873859	1307.6091543816322	1358.9805000558472	454.0043931784419	895.8687854301236	1112.4685578118024	680.2023218260689
P441-PWY	188.91864917653885	198.03644944404493	288.5605667339303	0.0	1389.5226641607687	48.64986353004471	1133.8545199118707	632.859841967885	211.12415987415596
P461-PWY	18.85390700805073	63.17105905316559	120.6160624128991	48.98714926386884	367.8877726688148	716.2187794220928	151.39651782639433	3.730122494311529	17.194674880754746
P562-PWY	0.0	46.34048314097742	39.12936909559363	15.630434227245685	19.786176974488903	42.356497737801085	66.44484619514742	0.0	35.58487686816721
PANTO-PWY	183.26565814808345	295.09138912427323	571.7175141613266	1405.8435518621034	781.743895225936	467.17375066553774	499.2823949435306	798.5623437153401	275.8904139026492
PANTOSYN-PWY	239.26636373876488	357.5389563277884	683.8332768563342	1402.1346048491682	1022.21587998643	630.5157269211949	711.7318114194417	955.1307830925664	325.9356367569168
PENTOSE-P-PWY	433.5023161024936	510.2538942944355	892.3463643832916	1365.2956105233	1527.194804209743	1392.9738081436492	1884.4542049699492	1002.9355392985656	301.02884672095735
PEPTIDOGLYCANSYN-PWY	466.3676331398264	567.1961005627327	1227.8048423191913	1538.158967357411	2079.8942101401176	1464.1298246616127	2010.6484098211813	1255.05847495374	721.478597176434
PHOSLIPSYN-PWY	468.1628283306471	548.8034271475277	1291.1374049287258	1435.814477212272	2018.6531344269515	1481.8210689032762	2403.6357878261783	1339.801843545315	507.487974049264
POLYAMINSYN3-PWY	2.788888329112213	41.82008411909473	193.16387852000852	372.39677745023545	81.64443477428486	33.18488348146713	11.014226044543229	0.4946118780338063	1.36330166449991
POLYAMSYN-PWY	0.6188845524402027	39.98659404910638	216.64453516917243	370.03657108587663	195.64222371019343	234.81392440390965	115.3569391294752	35.203505888588545	20.07667562327044
POLYISOPRENSYN-PWY	453.5954243626438	537.9278983438008	1135.1428364121048	1663.262577409203	1854.9664809872024	1325.888803581655	1993.8951124446571	1328.756739282756	839.2897909330504
PPGPPMET-PWY	534.7721813988671	579.6232494730932	1054.6924513598103	1086.9417682005148	2092.915006083236	605.1177667622841	2558.4537056102367	1497.9236573572382	711.5109217329285
PROTOCATECHUATE-ORTHO-CLEAVAGE-PWY	0.0	0.0	0.0	53.39526587136466	9.50244022166966	0.0	1.9094276003472024	0.3182904415069181	67.04178979003082
PWY-1042	475.7639786855909	589.9457357606714	1299.018380724095	1927.7296590169424	2485.2904212686994	1468.3001805092306	2088.88886304734	1354.8498784320336	830.374730174215
PWY-1269	389.9145016838386	430.91101317838513	553.3033021304934	1418.9025909411191	1187.8715418141276	400.650983736556	1671.711620667791	1146.696247730326	349.8559600897341
PWY-1622	0.0	44.00976118886162	0.2995295901893739	57.74754647310219	2.978638256730521	0.0	0.2619434893297866	0.0504793978511387	1.0377825268998813
PWY-181	0.0	0.0	0.0	0.0	0.0	0.0	0.0	0.0	1.6456638238485948
PWY-1861	88.64462152218525	135.59786012850242	350.4489675659028	165.73126903221552	548.6038756059892	101.62748131007976	207.02887959689696	18.72340091268676	0.0
PWY-241	127.36375866904709	232.67121770269523	628.5958110980625	694.609766459029	1041.6369881536843	354.5712862922611	668.7813412218662	522.4696192797483	238.57975947132985
PWY-2941	65.19416500503846	198.723937302854	533.743558583611	156.8464483023486	873.6809809734287	1091.2720891654335	533.4867036640878	78.94129402742301	19.23372933317081
PWY-2942	381.7599683627448	466.26616846534665	939.7150785234552	1743.1328735028517	1864.4089851791605	1275.8898453813997	2021.9754027761865	954.8309578221688	594.6154737411252
PWY-3001	361.4448929222988	400.9316631860013	874.7062494664276	1377.2353868086448	1733.8373657456073	709.408025768539	2006.5134035689	851.1011487932227	517.9112122042027
PWY-3661	0.0	0.0	0.0	42.56347908454887	0.0	0.0	0.0	0.0	0.0
PWY-3841	434.47229393804025	514.2615467325977	1043.3723472536333	1480.025019368397	1830.0008628563771	1378.589255538723	1929.4270622283248	1173.926525309994	553.1550713970424
PWY-4321	0.0	0.0	2.1193312213563558	134.38880965375105	0.0	0.0	2.7457655704909034	0.4814553347638923	0.0
PWY-4702	0.0	0.0	0.0	1.8607279698000043	0.0	0.0359757970116864	0.0429029046861483	0.0447958560403305	0.2419400694691077
PWY-4984	2.598433001528829	105.87182541350738	188.7952931083891	376.9980321847309	74.44936079947234	26.412593944202627	8.629227189037278	0.372000126372535	1.0410508498907205
PWY-5005	27.585080081785005	115.8289313095259	149.3375812245394	534.1351816082274	342.40473576240066	59.880620287178985	93.45890115440864	0.0	34.02939613741387
PWY-5022	9.203521622995163	0.0	10.15962734780688	208.6940780427224	27.69529277953592	110.19366711644533	32.37312442259797	57.32897638442041	35.64203799965784
PWY-5030	84.14430439469183	84.60058363499645	322.31251922632754	286.75761000709286	364.2725314683402	58.51383473461181	263.99897196308405	306.8093906004425	186.91649095463575
PWY-5097	352.5131104326057	370.4997991681565	747.5215826653746	1568.306948845165	1593.7477195661668	1037.9649740579678	1837.1294633657492	866.9977910643701	591.1927620985975
PWY-5100	114.73535923536846	139.63447901208423	612.1027007196636	620.9653520541438	1055.788307369195	272.00850793821985	366.42015271005016	193.21376122034445	58.05375457583662
PWY-5101	2.8709377107576755	2.4638431491195982	104.44265316841977	23.367153207825066	111.3372558776778	3.833274828305832	92.58924007372268	4.795215671695606	293.9803930566917
PWY-5103	356.0348691895016	343.81037347788947	756.5713971026471	1075.816593126	1589.7074603439055	596.0918838103474	1903.232490795409	848.7575341822902	444.05951936016754
PWY-5121	343.88197118882647	418.7323016926607	872.8723348701972	1136.104997630357	1601.0381623691546	671.3492346754982	1305.984849222942	1063.0397396576652	715.914391270066
PWY-5130	0.0009945303276415	0.0008529050066061	175.29229706488871	699.0823878300529	164.5943727442955	0.00132656585951	5.868966317100634	0.0016586003981155	76.96814409626138
PWY-5136	104.6837429601527	105.3652791757228	0.0	476.6957403673419	665.2675946575839	33.019410682475794	1149.08706591714	441.71521963459406	111.44099168827022
PWY-5138	0.0	0.0	0.0	425.8184180122474	22.91211520047665	41.723668425359	0.0	67.37447400372375	98.48444035744654
PWY-5154	151.08310713814467	179.07089595063988	390.8398749307444	790.5179609489413	1076.1296927393005	65.04129128876147	1299.2043317405207	542.7414598574292	341.8243045301825
PWY-5179	0.0	0.0	0.0	0.0	0.0	0.0	0.0	0.0	20.96598100634353
PWY-5180	0.0	0.0	0.0	131.2227607946248	0.0	0.0	0.0	14.619485233269929	34.36467648522287
PWY-5181	0.0	0.0	0.0	0.0	0.0	0.0	0.0	0.0	29.452429183513136
PWY-5182	0.0	0.0	0.0	32.36046169950041	0.0	0.0	0.0	8.361897603417933	20.04931639359551
PWY-5183	0.0	0.0	0.0	0.0	0.0	0.0	0.0	0.0	18.0191380721142
PWY-5188	305.2799451803137	402.1809618473776	507.6899625563785	1595.0173514968542	1299.8423099749164	382.0537083667018	1558.2624457505149	900.7876413726028	207.4049921419285
PWY-5189	297.4332121194687	399.8354508594003	479.6457710885778	1456.6835955451563	1266.1494688125906	366.0038833391878	1542.9744338028513	878.4042867074451	186.20623611957933
PWY-5209	0.0	0.0	0.0	391.2	0.0	0.0	0.0	0.0	0.0
PWY-5265	161.8742131396507	361.0545626605589	843.8289149758542	430.721954006005	1048.5979154660354	627.5905222409257	609.9935218606603	90.2686165982528	0.0
PWY-5345	14.932872872992116	156.98445823497931	449.5431286982779	1271.9483639516775	311.4515087303595	264.5916301937152	365.15937259886016	456.3727417426168	242.0404236368732
PWY-5347	84.58456719501703	269.4200347905039	584.8260455469609	701.5807899943849	1427.4519444298303	455.70953139955736	882.4801787252009	92.77114314119504	234.5032667967448
PWY-5384	236.76545965544187	421.9104384172581	1134.5836591062464	1382.191876826734	1599.3493241150402	1643.3003580878562	963.8152517862084	1066.715077255334	628.9201246211262
PWY-5392	0.0	0.0	0.0	0.0	0.0	90.24346376315582	23.41870827445442	0.0	0.0
PWY-5415	0.0	0.0	0.0	42.59012466558004	0.0	0.0	0.0	8.166395589948237	20.44895990019591
PWY-5417	0.0	0.0	0.0	3.883033456671373	0.0	0.0	0.0	0.659553017722788	62.50418452537184
PWY-5419	0.0	5.320685825739631	28.861810820612497	33.3503973454038	277.65576081354953	14.449915020582475	22.852895093146262	14.358660960217817	14.752936103947397
PWY-5420	0.0	0.0	0.0	38.935535816550335	0.0	0.0	14.13692710545152	9.51159076610133	20.239145968977294
PWY-5430	0.0	0.0	0.0	7.222217066754492	0.0	0.0	0.0	1.6963803711762044	0.0
PWY-5431	0.0	0.0	0.0	3.883033456671373	0.0	0.0	0.0	0.659553017722788	62.50418452537184
PWY-5466	0.0	0.0	0.0	2.1636800379466004	0.0	0.0	0.0	0.0	0.0
PWY-5484	186.1150590253148	193.01247445519255	958.9824626052912	1468.2465953097785	1702.3678432331476	1213.0369019015984	1152.4266122288354	1015.831294524884	426.7895370706783
PWY-5494	0.0	0.0	0.0	0.0	0.0	0.0	0.0	0.0	3.282134644794116
PWY-5497	0.0	0.0	212.6152438325837	118.15866607153528	358.0252581890329	25.72159381132882	159.76857062520705	3.0527330618913795	50.09111579287224
PWY-5505	15.655155391986389	43.94315053934807	259.7789938782379	999.633435720236	456.91431714166686	89.66327504559062	55.37298530841744	0.2769883206460139	194.10227075168595
PWY-5531	0.0	0.0	0.0	48.48379754114772	83.24845949879285	11.760673356579105	0.0	0.0	65.89109609133743
PWY-5647	0.0	0.0	0.0	1.1636450928926172	0.0	0.0	0.0	0.0	0.0
PWY-5654	0.0	0.0	0.0	9.165504489703672	0.0	0.0	7.124353025415645	2.0527266721844817	0.0
PWY-5659	402.1405677160903	474.321487826511	1030.7475596682525	1527.389797361286	1327.2438218638674	704.8450079337631	1053.806799697539	1171.783819832893	989.5529021065506
PWY-5667	501.3681749246546	586.0947407979564	1421.3584096728018	1546.0900100631604	2196.728726602183	1624.7152909751749	2398.45782435214	1476.9071069278502	494.2061474784143
PWY-5677	75.9797461475038	0.0	40.09986153408372	27.58140301679336	45.46907572153333	0.0	55.98317812933296	0.0	65.77247323256907
PWY-5686	262.136598027707	460.4205824982845	1085.1731816692077	1862.6875642253276	1654.5700756614374	1394.1506495747622	1040.635623937942	1020.5688774203844	541.2817060376927
PWY-5692	0.0	0.0	0.0	452.5867701038758	0.0	0.0	0.0	0.0	0.0
PWY-5695	516.8701505663944	619.5279506514051	1305.5243097298749	1844.4560982156245	2329.849046399339	1190.5427785455947	2346.543946473395	1301.8954661905898	824.5893029588741
PWY-5705	0.0	0.0	0.0	384.3557334455747	0.0	0.0	0.0	0.7131914412624725	0.0
PWY-5723	20.256065990417667	99.23962837272272	130.03870440325034	1214.8540191924233	342.2412225593945	37.614425378732776	104.86743334326292	0.0	97.3038745110611
PWY-5747	0.0	0.0	122.8590001779309	117.74053609493475	5.126586796494444	78.15419537905517	73.39970143769419	141.05888936665403	66.99124028011822
PWY-5823	0.0	0.0	0.0	0.0	12.223725965338472	0.0	0.0	0.0	6.440084548990852
PWY-5837	267.4269356728433	210.64240923312985	128.68200223775492	406.5864875045319	751.846024982188	41.46611773109812	1426.6255930724333	535.2074660274469	163.4456409969102
PWY-5838	245.2788435396034	292.4203890882602	291.5852127152384	760.9599404282586	845.7035017089531	125.0655528587984	717.3205858105842	735.8592578728958	309.4807315151036
PWY-5840	208.79753839059825	220.4106833245073	288.6911769128556	695.8477620464761	838.2536096177562	126.12341121030184	632.7922808262975	680.1480372431444	279.682573264818
PWY-5845	95.53654209757131	219.5172059336886	248.00105767101408	637.4770811027904	636.9623954631737	90.02413574421615	563.4395728913393	680.1480372431444	279.682573264818
PWY-5850	160.2581620262487	219.5172059336886	248.00105767101408	637.4770811027904	715.6481604342429	125.63370730440391	563.4395728913393	680.1480372431444	279.682573264818
PWY-5855	0.0	65.88182745577006	306.157265771879	265.67895384461417	44.605780968374624	182.76012023386284	120.20178482070835	195.92665004497692	136.69557594075522
PWY-5860	158.3018903797227	195.96343321350687	190.10871115035889	502.4197237603161	770.9942780026431	90.04767242095055	751.3751038884986	659.3528284428504	243.57606787537156
PWY-5861	338.76921218016	294.1681074607444	229.56415743085336	621.6831708855228	1035.7142337953053	89.61000644536178	1561.1365788423168	740.9220080513599	278.62145215385704
PWY-5862	79.00176652223094	195.96343321350687	190.10871115035889	502.4197237603161	642.6935368863841	63.1793515142428	751.3751038884986	659.3528284428504	243.57606787537156
PWY-5896	95.53654209757131	219.5172059336886	248.00105767101408	637.4770811027904	636.9623954631737	90.02413574421615	563.4395728913393	680.1480372431444	279.682573264818
PWY-5897	241.7388434060536	284.45187824847966	270.1617591294419	722.0473380740898	829.5223444184046	112.40572113550571	709.1743554242024	714.1233618814894	292.3054614213703
PWY-5898	241.7388434060536	284.45187824847966	270.1617591294419	722.0473380740898	829.5223444184046	112.40572113550571	709.1743554242024	714.1233618814894	292.3054614213703
PWY-5899	241.7388434060536	284.45187824847966	270.1617591294419	722.0473380740898	829.5223444184046	112.40572113550571	709.1743554242024	714.1233618814894	292.3054614213703
PWY-5910	1.0405186172940442	0.5383343140959652	94.5050342722521	45.83767800566412	0.8432086802042597	0.0	17.151672206706902	3.611614805740084	0.0
PWY-5913	228.4666746136021	221.519252280142	386.5420937642091	489.1470469233697	1020.3527473831316	335.2595360987606	1270.7168522412292	584.6646834957622	134.27768134390632
PWY-5918	235.648733007133	336.9523324716175	348.9967829584989	1318.0978842317872	1010.2402905674202	390.15416422103465	787.6088879012327	646.2598871780986	154.13498676615396
PWY-5920	0.0	0.0	248.1959186137248	307.8200089768378	0.0	190.6303679081607	198.3605516740505	351.179042117507	111.43383061044996
PWY-5973	282.6642661737246	507.5921732701741	1427.6932330181637	2840.8078846505086	1854.913220576919	1411.40535436073	1255.0111655249473	1156.5333076166469	706.920192184471
PWY-5989	382.3169016949069	554.4493266894809	1430.900631907247	2155.949503464617	1828.817560905093	354.90704838432464	2367.3489025534327	980.3449449452932	735.9087261306152
PWY-6071	0.0	0.0	0.0	0.0	0.0	0.0	0.0	0.0	40.88097989089666
PWY-6084	0.0	0.0	0.0	0.0	0.0	0.0	0.0	0.9807494583133488	5.64207899560609
PWY-6121	485.9557455136496	585.933780235577	1077.172311431359	1687.8807762830202	2110.77656462887	844.2633172780206	2218.0212928435217	1360.168383647103	667.4154550397002
PWY-6122	463.0900095989921	566.8557046306516	1094.2044870205768	1742.996131747505	2043.4350082552555	860.0760420073533	2067.793267211308	1313.0969530221223	666.6531318009673
PWY-6123	421.15273490102	527.2148840999757	1004.40679341832	1530.9309784771183	1947.0748728840947	904.2242956317835	1965.419992060296	1267.96582530994	538.9130749376111
PWY-6124	424.532548626273	530.3474702999869	1019.6073412406248	1545.9043684041726	1996.769192336916	945.0723545736598	2009.782098346464	1294.6316596028744	556.0124752273169
PWY-6125	390.2582764401181	479.5773606242444	1023.0038661901546	1392.330882841089	1745.6994900254454	840.8600184121244	1941.5702104482264	1007.4807546623972	542.1683856118862
PWY-6126	395.8765373698445	484.24204307888135	970.0886263819024	1411.8235423249266	1753.735298165932	850.8995000692047	1988.339774007948	1002.1137725707082	494.5293137514236
PWY-6143	0.0	0.0	0.0	0.0	37.87602315137231	16.800586935113017	0.1453675477070474	0.0	0.0
PWY-6147	492.21791709606	568.9337222684691	954.5353550667576	1578.6088822533673	1819.136579836932	951.7950670428291	1954.5091489377216	1420.213579954874	592.9446231480465
PWY-6148	0.0	0.0	0.0	3.0494278728738595	0.0	0.0	0.0	0.0	2.1895165254278357
PWY-6151	356.49840196889323	383.7070769588559	893.9836642279041	946.2326498754792	1768.3490938416303	1001.5280006536104	2049.7941149591397	913.1167684355898	494.1976741973213
PWY-6163	421.0027435704934	498.6308126968268	1023.906036278155	1541.494942690534	1879.708304190032	895.3531313324892	1915.4670279249503	1202.6336457929488	708.7634472393411
PWY-6168	396.93204728456834	467.6677769326473	737.6703584817928	1313.702926321137	1508.9454867866143	1066.2161720049812	1573.8469709134015	1071.7204424079284	485.3811841490268
PWY-6182	0.0	0.0	0.0	0.7430804960947481	0.0	0.0	0.0	0.4488608975293487	56.84548721608289
PWY-6185	0.0	0.0	0.0	0.5762749375426646	0.0	0.0	0.0	0.3895123018935043	62.29547315063772
PWY-622	33.487082139308704	75.38774758853846	669.8487502171349	992.324043787792	1208.724014334311	249.76196136970344	229.75471668325787	89.06834724297715	133.42896334424933
PWY-6263	0.0	0.0	0.0	324.5554170225167	121.53420999314989	69.5368298254871	21.13468100976631	0.0	0.0
PWY-6269	150.5695326732841	196.60682219362096	257.3153696360108	454.1788535779704	594.6302219723058	261.28147711521893	251.11567035289983	246.0096513868737	158.2715283558278
PWY-6270	202.20382992640893	305.035788760498	729.4583445253286	984.2726483053278	1273.9355465094122	525.1362346549473	949.698205688466	150.0032121881327	190.27018614460405
PWY-6277	463.0900095989921	566.8557046306516	1094.2044870205768	1742.996131747505	2043.4350082552555	860.0760420073533	2067.793267211308	1313.0969530221223	666.6531318009673
PWY-6292	10.296294235754816	42.06488375025136	144.23801816252586	741.7351021434974	144.84401074986846	129.18019563641622	59.37946277849921	38.08640701627576	44.69690180989509
PWY-6293	0.0	50.21447955436163	70.65139786043291	697.289474529683	56.73496964094391	0.0	51.82456989774492	0.0	51.51207042086486
PWY-6305	1.9180569808975745	74.04306681092834	194.69836464166636	491.98622879151753	278.07239263157686	153.17865504363385	81.52991355489362	30.362518741317228	37.34066082767686
PWY-6307	0.0	0.0	0.0	235.62227683672276	0.0	0.0	0.0	0.0	18.583979553773062
PWY-6313	0.0	0.0	37.85412042777425	312.851563666188	0.0	0.0	1.4598685433760672	0.0752718041841813	23.945110850610394
PWY-6317	377.5310052926976	496.72325516445295	1070.2492375401223	1367.229391211462	1722.8904488928058	1398.8379693470347	1787.158528172901	966.2737505976136	610.9064916771229
PWY-6344	0.7054299066605535	17.400324239997293	1.789882781354976	5.725659916514347	57.73046315691448	8.803183596673104	18.12282386657044	1.3853793574757731	11.99464422900759
PWY-6353	0.0	0.0	387.64032860163695	192.9668787287735	939.1103468461716	25.21908705416928	154.15406688060435	1.889689894306044	35.0201133144978
PWY-6385	499.49223455120574	609.4047017364436	1315.3313379420676	1666.281664493159	2216.7063846947644	1573.12106133357	2157.5048893451867	1347.313164042238	762.29535397002
PWY-6386	471.82336398930175	577.772459189875	1241.962527990955	1568.4593799120264	2077.04784376266	1439.6789265999491	2010.6433481400568	1258.8439418300018	727.2444159113771
PWY-6387	474.8802867920177	583.2833300174473	1262.4639608768346	1576.2221699520412	2117.5158650573926	1501.0984947031554	2031.0429562172817	1267.7683885173203	737.456148474939
PWY-6396	0.0	0.0	111.85737358499271	174.27444302738857	45.09384692591734	206.4695816602558	48.09884600673125	14.58525030608267	20.615477532855333
PWY-6435	0.0	0.0	0.0	401.76942953266894	0.0	27.32	0.0	36.42555668742225	59.58795961914518
PWY-6467	389.8901830840424	433.8017720853801	551.3211344671492	1428.1058628657051	1169.7045123236053	401.5080537890293	1661.4235282121122	1230.2565851989268	297.3838911977416
PWY-6470	105.81931222258328	315.52621911418777	900.8952759838608	337.08586340685986	1317.5584146300284	1220.514175985923	679.2526019073407	136.6671024082958	128.557487287403
PWY-6471	54.21418251031744	28.7064353487184	35.99000827225828	296.20013055794186	168.12324100354712	1296.1650640897838	344.17125513828523	0.4136531086521258	0.0
PWY-6478	0.5199812629516899	15.93823114498774	71.94902426305259	241.90991119456783	599.6411777611153	46.35924617954882	57.63085044550793	0.8673615515824165	57.04450798464495
PWY-6527	110.14434786775948	254.5848906620941	534.4588754590964	745.5652489133012	1033.9691104158087	1127.9731037422443	520.3247627696113	276.0024256409169	230.9536602356465
PWY-6531	0.1373195758512065	0.1181422648705277	0.0	74.1607423134873	0.2166969481361967	0.1838094248085296	0.216664829316802	0.2192992501698585	55.6143571079068
PWY-6562	135.31823564412207	174.54679976414292	21.214969609786483	38.68712794218369	602.0516755816934	58.49590586670539	495.5731317045267	546.510105762382	90.82535916817396
PWY-6565	0.0	0.0	21.40785098119405	0.0	23.982278866136507	0.0	52.242881373348034	0.0	0.0
PWY-6588	0.0	0.0	0.0	8.826773484462981	2.0018015397935263	0.0	0.0	0.0	4.285149502026306
PWY-6595	0.0	0.0	138.3481833039368	182.590869805886	251.52404163775327	20.341626578885148	98.72097917961597	1.531165304567806	25.397052042539485
PWY-6606	21.590761819071524	11.17322155229679	252.7904857542333	593.3466424726425	675.8247390995298	100.28349630370066	145.53922326462472	51.2034785064258	105.80973919408332
PWY-6607	0.0	0.0	147.9485434142056	593.3466424726425	258.2693169901312	14.555982566833038	91.5144843026846	1.03154381223544	18.639265259106608
PWY-6608	0.0	0.0	252.7904857542333	142.9296830541289	675.8247390995298	13.639655543409631	99.30061506190933	1.040366560565165	19.50255005483276
PWY-6609	470.7168376274715	567.3768998808582	1246.5692294516182	1390.8471059739877	2237.85531806131	1240.104191218394	2044.960916778233	1063.907526807105	694.9309679253636
PWY-6612	447.1988233026384	544.8560615647388	1057.728593769068	1539.7517696609582	1796.7088241223569	1081.8870151105348	1981.28179362341	1278.621577065863	594.7415240827829
PWY-6628	361.96256409727295	431.1074925992432	978.8578344535824	1393.5421647186315	1770.056680372577	742.1353578061849	1895.8351447588989	997.4730247898034	596.7054921491285
PWY-6630	361.8478575309723	419.3223754525343	951.2279179673571	1371.5826202507242	1782.9993443775015	737.1809833087777	1890.8480697943244	997.4482533497256	564.3819542984887
PWY-6654	0.0	0.0	1.7279631280030645	0.0	0.0	0.0	0.0	0.0	0.0
PWY-6690	0.0	0.0	0.0	0.0	0.0	0.0	0.0	0.0	28.800000000000004
PWY-6700	457.453426917124	553.3710392206473	1152.8639255050891	1562.8773406506775	2039.537897532418	827.8773639624161	1981.1159836404145	1281.562017741724	728.287446399016
PWY-6703	321.0688602560171	409.77016638077606	590.5617288055116	1536.9910878372314	1359.712753278889	603.9538999191459	1647.8046094023466	1015.9416498617034	407.7672047771881
PWY-6731	27.799899519137053	75.07169136561379	513.4977266771041	1033.0346680699754	1014.4878235109012	956.895141802759	262.6075891034755	37.40816689667408	269.1449854486575
PWY-6748	0.075840501176831	24.77244238713468	194.3170122101699	460.9054942182959	60.96258980913392	90.7729289218182	100.35952560504366	179.55212656946009	10.018244959862464
PWY-6749	11.21300845783258	23.046861323325697	30.81159464680314	36.75135101616135	124.856166760367	98.64515524551166	74.66996822194848	7.585766860430882	34.4064228331418
PWY-6803	0.0086663072569329	43.96794585376495	443.3125457057589	998.0464782024794	137.12060677272817	192.81761993658185	234.820443219328	302.146548390873	236.470845006751
PWY-6823	263.282809501748	207.64146026446448	273.7245856513982	757.7078688703177	1011.401474894139	141.83312646137134	1607.4887493624394	527.2473140361186	190.707271374982
PWY-6859	81.79698021008208	174.7003562790588	560.8103623622911	919.3182419021852	807.5726012285454	1075.3401638983678	392.6420365341735	41.33774811207868	60.193124110929325
PWY-6891	0.0	81.8812594070632	59.77351700370684	345.81191838658185	250.71282478952543	147.0118283304233	115.28755051419245	0.0	78.4068527777818
PWY-6895	24.89300682228712	224.86073857930077	210.67697683510173	792.9354391082226	695.1953006631056	357.82974753334474	433.9314420736234	207.48692989876372	239.5075106086352
PWY-6897	336.8643763964612	373.8661913577176	584.4814570354652	883.2669653530166	1426.5639378437963	1039.817819353913	1925.857849192756	1311.829034288992	432.1916573763827
PWY-6901	153.07147753076572	130.96314214560817	703.7651720795493	945.9781424552966	1156.4214606204798	343.90498806018	638.264114955362	14.618367784148049	285.51021388045035
PWY-6902	113.29236183241206	215.350313632106	284.9764054280256	1201.8278237338805	345.4006147834337	343.34128425303817	126.90327018818944	398.1313583568061	42.03783957999298
PWY-6906	0.1236179717237218	0.1060144603298078	0.0	0.2120358374416497	0.1944378258827311	0.1648978392169683	14.088259843758392	0.2061580883012486	0.0
PWY-6922	0.2927793290176003	21.24445608964137	43.423382751221375	275.385427922826	69.9461292413717	23.02994063774547	9.203732947675114	0.4430168250342052	1.2472358918686068
PWY-6936	325.7473600767456	362.4394875552213	746.5175485883283	1257.5542689872625	1681.8031200846806	679.5157284997329	2008.6689278629804	718.6017039142378	352.18815075212217
PWY-6961	56.58497975820859	33.065985259274505	13.296563722550976	0.0	195.38236433788305	10.848702632866454	44.72929710782812	175.45222594111402	0.0
PWY-6969	2.4343797650311583	146.72948433237306	651.9948606707957	1625.7546575339811	922.228364840214	318.72791407473306	359.94830520704005	471.5137814542575	386.83131648537415
PWY-7013	55.30077329502061	78.9662446491291	102.91620918975605	595.7778690555458	174.42565190078824	165.97287522763065	121.55974252666282	10.604094945047386	25.158910674554917
PWY-702	329.5054460846868	357.5724349254408	739.1063619531865	1204.4257288967715	1527.9816491779177	676.2826135581575	1946.1758668750904	717.8152162626639	342.184418674202
PWY-7031	0.0	0.0	0.0	0.0	64.09318717451531	16.253591102086208	0.0	0.0	0.0
PWY-7052	0.0	0.0	25.504994787182017	201.44634537468428	16.936236164229534	5.047681473743257	0.1356291297313946	0.00041384368222	0.0
PWY-7090	0.192141600881342	2.752339769206749	163.43115231406054	17.406413200680745	121.73818966805958	4.974915159103684	1.501916223101665	35.50969572118059	48.64272284290835
PWY-7094	0.0	0.0	0.0	475.7076631512039	0.0	37.70544533724266	0.0	55.75999044278327	131.5485209837924
PWY-7111	317.156455880262	339.5016182843444	794.3274727913725	1009.8121910937094	1657.6738611038213	666.5628080370564	1992.7341463310647	847.6637725647281	400.9947557354103
PWY-7115	188.7944982168204	295.0651249527946	668.1724376434369	619.6403370178322	1184.8617662461445	472.7459076414145	1021.012332651137	600.5460972713742	429.7172842493388
PWY-7117	308.86581612958423	292.3459219839749	620.7618762225944	911.2977066898136	1258.9349487458264	597.1155174815809	1660.6030332048526	613.3762064922372	257.4677678639333
PWY-7118	0.0	0.0	49.80585802076374	592.2732577137834	0.0	24.908506345248156	0.0	16.75986364453924	100.9280246758041
PWY-7159	0.0	0.0	0.0	132.4428266552723	27.290902373904363	21.313343646195356	0.0	0.0	80.86094607543417
PWY-7199	0.0	0.0	0.0	63.68435814388228	0.0	0.0	0.0	0.0	0.0
PWY-7208	331.8797517023427	399.5452307847901	882.1516914301471	1336.6124772896987	1371.2524969526885	675.0239572908505	1729.0158316431634	785.9095329017591	463.2426435848287
PWY-7220	579.362841696518	834.6302351898843	1471.914875277102	1542.2995760010851	2821.8348667878336	1326.6044070852577	2447.2043577406084	1653.7550533017763	683.2321547795357
PWY-7221	437.4543775591344	519.3655838911371	1086.4854153895203	1538.870256919077	2014.3306562460216	1256.3088326686502	1949.2302981281732	1210.2405268372447	699.9987516324397
PWY-7222	579.362841696518	834.6302351898843	1471.914875277102	1542.2995760010851	2821.8348667878336	1326.6044070852577	2447.2043577406084	1653.7550533017763	683.2321547795357
PWY-7228	377.9503753805579	454.8660242278115	991.3504998305968	1419.4589427217024	1661.1963139096115	805.6970778505033	1928.264915323581	961.2616477348652	524.4335900112586
PWY-7229	438.1287089262141	538.8727351465568	1042.2496104273807	1504.6107726399691	1965.0788947067936	1025.356962765058	2105.67087007872	1134.0650098553403	532.3780777497209
PWY-7234	367.2648439943397	401.5949822144294	851.8977740332298	1298.6618907865848	1490.8668370399714	761.5745951631192	1802.302860428535	925.231271759404	290.4447310415302
PWY-7237	0.0	82.56	296.69956256333865	505.31193977920105	393.66	886.7489279217141	170.22342593552457	0.0	81.11614552385232
PWY-7238	436.79498235794046	594.1247291555381	1148.3219508133557	1060.7185084065406	2165.047765576854	766.3121569043193	1986.2997108871136	1147.7492684779086	656.3116283783176
PWY-724	334.0648513629948	361.7395527086814	780.9231198900899	1472.480526611897	1560.5412830093053	885.9254744033724	1806.387080247481	796.7578458820223	504.76214167283774
PWY-7254	2.7680182503505115	135.91446303324472	369.2556274200388	679.3274230925844	627.9575422470707	268.8492197094759	239.6114849890636	388.48473171728784	204.699822410072
PWY-7255	0.0	0.0	0.0	30.19144633358851	7.259729926851017	0.0	0.0	0.0	15.363855185683224
PWY-7282	174.57504335099665	293.99534900694533	579.5963587696178	374.2374966574203	923.130237702376	693.7744193416279	1119.0137927654723	524.3927006906857	249.55800318514545
PWY-7290	0.0	0.0	0.0	0.0	0.0	0.0780667227531457	0.0	0.0	0.0
PWY-7294	0.0	0.0	19.97996248726405	287.16353595363813	0.0	5.677841985883549	0.0	0.0	0.0
PWY-7315	51.77496044086988	0.1432307395674767	204.59272208479575	1.8230540369420651	73.96908557237123	9.213521398156336	44.02309079300882	0.4346371994657728	131.3646971337281
PWY-7316	2.077064400101652	2.8063084034046684	273.576673786942	20.37105802970641	552.8517066083842	32.654872046626416	101.13198566309237	13.306745712349638	69.09482111619168
PWY-7323	237.92431790548716	316.628832893095	481.40898452975705	1092.3155728999627	762.7140373993318	517.6545502701046	460.7053313494162	822.9371263249157	347.8288770150754
PWY-7328	60.00697153927608	16.836528687591684	141.44383428099263	480.40540314839615	493.58679429728585	51.990072764627534	91.02805569268158	7.565438252965782	89.49509661443003
PWY-7332	0.0	0.0	0.0	0.0	216.97662866734984	0.0	0.0	0.0	0.0
PWY-7340	0.0	0.0	0.0	0.0	0.0	5.344343905143969	0.0	0.0	0.0
PWY-7345	180.13051892758608	187.31731841666152	964.7471144590488	1157.008429759452	1712.1797482498637	1325.3906820641243	1048.506827118792	724.6395878131303	361.9648223121836
PWY-7347	0.0	0.0	0.0	14.604167460746243	0.0	0.0	0.0	0.0	0.0
PWY-7356	231.5755766957793	221.13615088944	279.9751666308782	321.07662055706413	1038.8377991748569	1004.262965987928	1460.7692166865804	668.6528755304578	160.73239165961587
PWY-7357	316.2928116417684	353.52071675167434	567.4668957671497	752.6309039395401	1560.1661802866115	1466.9467075837415	2092.097036786262	1418.4522488202392	354.6816247605199
PWY-7371	0.0	0.0	0.0	326.0	56.64274694124695	65.6082545490117	8.483411189171289	0.0	0.0
PWY-7373	0.0	0.0	0.0	171.30332842934962	70.49714320787916	84.45714144281759	10.848089086200542	0.0	0.0
PWY-7374	0.0	0.0	0.0	326.0501455820351	57.28989609008491	31.07865295122912	9.169338927139227	0.0	0.0
PWY-7377	25.234793265227395	98.61578221111291	172.92606054580668	305.3447800309955	525.675553226264	143.31851767682733	146.54731546538787	15.008371319505285	46.13788831546878
PWY-7383	0.0	0.0	306.6368227092338	663.0606739407767	161.7564024257326	119.14981367897002	0.0	87.62190724869154	214.122336693273
PWY-7392	168.29579268647953	282.67056535014035	721.6656373297567	1027.1597474115738	1196.104718458943	627.9080019017456	759.248571453532	115.37030858721212	153.99877308931914
PWY-7399	0.0	0.0	0.0	6.860662487400115	0.0	0.0	0.0	0.0	0.0
PWY-7400	200.62936980545845	219.20380612435417	483.5607776713903	752.9465433981342	1257.1014982887502	101.73558431881796	1413.5302502732854	597.3980719206588	300.92954130827013
PWY-7431	0.0	0.0	26.31157992136133	222.40705539545183	0.0	0.0	1.4422413360675108	0.0509820210418928	16.71301949743138
PWY-7434	30.020059072119995	56.32823213726577	0.0	0.0	283.186078886311	0.0	559.2667596007437	120.946199530945	12.52137582748804
PWY-7456	3.8882681678806654	3.346290971414383	169.10593515701385	74.41411235260848	79.51306818924901	5.196161845144152	227.2942842260084	6.495454451453628	477.1120316410635
PWY-7480	0.0	0.0	0.0	23.28517270942338	0.0	0.0	10.356909646337884	4.087899697895799	0.0
PWY-7560	402.0378600952161	418.7983914913348	843.5415814855605	1058.2346830717538	1621.1098505228858	559.6428612284618	1819.403497756493	1217.3633911651136	699.7184415806212
PWY-7644	0.0	0.0	0.0	232.68086980324276	0.0	0.0	0.0	0.0	0.0
PWY-7663	482.7240385930108	653.1580428337793	1443.142397767516	2879.2206175905394	2364.3599715684995	1645.9992454535738	2337.3484215657536	1307.813496437062	668.8970086255515
PWY-7674	0.0	0.0	0.0	0.9087041233212328	0.3029350362774622	0.0	0.0	0.0	0.4899806895899304
PWY-7761	226.6258735176484	307.25721465097047	732.6418097087546	947.6111383508652	1175.4132818406442	792.1044510026221	588.4184059128906	799.1816728516716	443.2994850687883
PWY-7783	0.0	21.99876345185521	27.611089402323387	642.1293622564209	57.969388060302336	14.716534314694837	49.23573735834065	0.0	12.599530331328364
PWY-7790	268.3238103110482	492.41339665279753	1104.3476297665643	1862.6875642253276	1654.5700756614374	1603.463785107146	905.1483543696554	1094.4893077869942	557.5792475039055
PWY-7791	243.87258734010595	460.4205824982845	1085.1731816692077	1862.6875642253276	1654.5700756614374	1503.1720710946984	883.7045877027961	1020.5688774203844	541.2817060376927
PWY-7807	0.0	0.0	0.0	12.501516818057814	0.0	0.0	0.0	0.0	0.0
PWY-7820	1.0378141170927195	5.219495664036383	50.76772966264768	174.12279695133344	11.086337315789008	3.851562048397011	40.18100521985304	4.254187108773682	40.82014940990168
PWY-7851	435.3161127074824	517.401977553422	1004.1079706338726	1589.0862551195908	1960.5089846429123	1337.341193109316	1915.9426816265736	1256.9745632371298	474.28413785104885
PWY-7873	0.0	18.277971858564083	22.54023588894025	0.0	0.0	0.3863235979008335	90.15213682067215	0.0	0.0
PWY-7874	0.0	18.277971858564083	22.54023588894025	185.1995952054496	0.0	0.3863235979008335	90.15213682067215	0.0	0.0
PWY-7883	327.26892772346537	284.73574591739003	500.55442601192647	950.2137724839636	1155.4550910715354	165.99337934418776	1789.528118679846	758.9744352270568	379.1116406164975
PWY-7913	0.0	0.0	0.0	0.0	3.1225739956056304	5.104561594538347	0.0	0.0	0.0
PWY-7942	0.0	0.0	0.0	0.4204474828943787	0.1405273857315167	0.0	0.0	0.0	0.3009903775476734
PWY-7953	480.1707991167152	594.2309999383962	1265.565950939349	1569.7419643446583	2131.4249285469896	1520.998611984178	2033.033212969466	1277.030740662851	727.7960841138168
PWY-7977	307.81980395137634	236.09262797401195	406.2233780791271	1070.8490900984675	1405.1531856069737	252.7179483938303	1274.7175898859214	504.39700538268096	557.0276898871762
PWY-7992	0.0	0.0	0.0	621.9141035056564	132.9946322596419	145.7113529582674	21.925551403685997	0.0	0.0
PWY-8004	0.0	42.806693927642456	441.3079554359048	359.83859954271986	0.0	299.51280641484647	287.5244299780218	459.88008238617215	72.67593424487585
PWY-801	0.0	32.51913416371391	44.80477218939157	631.8165172048937	34.8832678220804	0.0	31.98841042874848	0.0	32.6062768337892
PWY-8011	0.1614431337371828	14.723795509976572	17.74326942744754	35.282755436900416	0.79983132019217	11.619361656672492	28.3515712930172	326.7556976450897	0.277876574707571
PWY-8073	395.5164238801957	451.98251509207984	677.9381899466621	1524.5731040317817	1242.629147696724	398.8082890806684	1721.426104708925	1196.1769300980045	669.4605291825603
PWY-8131	2.523505171710903	1.4013965532452537	229.36079246575144	40.44259619248456	275.7001595320809	4.080544392380355	30.99535570330597	7.813362067297046	20.24846683215465
PWY-8178	437.60215847800686	594.4254162518662	1284.3387723563108	2078.845624321248	2228.0309607753966	1494.6937159245958	2098.3909153879727	1193.6061537750825	817.3238752322513
PWY-8187	58.03126835091881	112.17039853560613	422.78658637705007	320.58871485336005	366.5671634383083	154.73353928803988	175.64330460004422	37.16181609298262	212.14518598780663
PWY-8190	8.04543066042729	22.12804173168972	230.01337977390685	71.26641551678377	202.4133445060169	0.0	143.34936015252848	21.054044232152183	24.48839537214469
PWY-821	8.298218337065594	96.77819110873548	241.4508830987029	1129.540068769987	185.71915459006888	111.04552676940368	131.68270605652063	4.732867233219873	108.65232388735475
PWY-822	7.746848317853252	37.12223105157601	11.89	7.746848317853252	40.42871511677202	304.4258138547075	0.0	0.0	0.0
PWY-841	410.9577621442708	497.3772351220791	999.2422762192898	1509.006085499129	1816.815913655383	847.3462909478897	2028.7297059481837	1092.7791199800608	543.6557569324978
PWY-922	0.7290902757057861	0.3769702684691237	68.07881143262297	32.38951731030964	0.59033523230168	0.0	12.064213206638192	2.5309627939123285	0.0
PWY-I9	290.10777247262183	322.6709714949108	818.2001328663988	921.1278297818905	1552.4161384815332	680.2046051624112	1733.8955502104652	754.1255467704115	272.2573889234201
PWY0-1061	355.613262351798	413.0578581358709	1013.1537181680386	758.2476926120231	1564.8431881680256	778.4315045069542	1931.0638398298904	1021.1456997124144	586.4493032567611
PWY0-1241	268.4207328812288	221.10388806121375	320.7056694854966	313.0784984355498	945.8746595934048	147.5238820866174	1554.412140915379	617.3674245513592	149.02381603656164
PWY0-1261	383.3492684653342	319.37529334278094	535.0101675359284	950.2137724839636	1258.1703084248988	270.6619481147558	1936.6083428486024	853.4899703417482	379.1116406164975
PWY0-1277	0.0	0.0	0.0	0.0	0.0	0.0	0.0	0.0	36.54498293619572
PWY0-1296	142.5626955243999	13.419617477354585	496.6847587515001	148.9638190475462	1059.5369518106495	693.8662634777779	221.0403122342933	54.96853172936426	421.235663841074
PWY0-1297	128.246790518146	215.3582983855036	455.1279066800898	343.6029807222006	1082.3873580141767	694.3788466867344	467.34708780542616	60.08106457722481	196.80466947374535
PWY0-1319	501.3681749246545	586.0947407979563	1421.3584096728018	1546.0900100631604	2196.728726602183	1624.7152909751749	2398.45782435214	1476.9071069278502	494.2061474784143
PWY0-1337	0.0	0.0	0.0	0.0	0.0	0.0	0.0	0.0	103.07554641466896
PWY0-1415	165.99311215259306	198.9924463989663	86.2183686595743	128.7621780441147	692.3423625199694	15.396922891283753	1331.1500960830967	506.27580559352674	65.93167111508839
PWY0-1477	7.515563214489188	133.3101750819022	49.21894543210417	687.8210252398954	72.26482872710262	18.996400273202237	86.1342346152243	12.296991096009082	98.70594826875204
PWY0-1479	309.2506948087538	263.79286139720966	485.4416489942822	480.4573737610382	945.7974347281786	229.87428505101676	1653.7939869676609	785.9575352791323	240.18810659505567
PWY0-1533	0.0	0.0	0.0	10.33807529141072	0.0	0.0	0.0	0.0	0.0
PWY0-1586	1523.5956862601802	1760.1388013797482	3570.1854805101493	3541.361729839557	6080.227097193685	4206.88225747971	7001.329341109544	4310.476251687138	1869.5690906877967
PWY0-162	255.57552622800912	390.7221065897796	900.6494314977635	1191.0297275740816	1407.646641182987	810.5203509420584	1038.6304254151396	853.0749506719105	449.06775544696745
PWY0-301	89.7422746870435	114.2595477120867	203.0614159107903	55.14000974084891	299.0695357123746	50.11295297544564	213.06666705942104	223.97667090038863	28.30417959957609
PWY0-321	0.0	0.0	0.0	0.0	0.0	0.0	0.0	0.0	48.45471146342738
PWY0-41	0.0	0.0	0.0	278.9610303468347	0.0	0.0	0.0	0.0	0.0
PWY0-42	0.0	0.0	0.0	127.35211472777463	17.747142957123806	0.0	0.0	0.0	39.88929486310431
PWY0-781	53.81535187891946	169.21509418524914	633.2707747660648	878.8955732452499	1001.205732088298	506.845821812084	1040.7592242693495	178.30968370787343	299.96707542419745
PWY0-845	144.73531368427606	242.98495849275517	469.2776065906701	342.75723631688464	488.4741858005998	414.5359301499664	468.4208454270194	399.5388896696567	222.72867546938969
PWY0-862	380.88220387920666	432.15566745899946	789.9521334193985	316.3104623482948	1567.9994921514422	647.4743884861324	2062.5306951556804	841.093608324078	281.40766538542715
PWY1ZNC-1	3.3635085160389915	46.359706493490194	123.04666975115538	1281.6945904782394	80.57990656709302	48.49010043334391	47.67942778767187	1.3629419409015786	49.32653277450622
PWY3O-4107	189.1825413648919	303.0971213288483	701.4596420837966	1110.1448877801083	672.8858442671101	604.6001762291974	412.2754724024362	684.9324763875268	420.6117224354194
PWY490-3	13.15671570857355	67.07306551553565	99.84537008680928	578.8748544885777	194.00066581743383	43.31814140606854	44.60572333814535	2.08343090949096	17.376505091543407
PWY4FS-7	440.2990191008016	482.05085444873976	1229.860541210369	1304.201045421573	1899.7581321973728	1410.9677437806745	2293.7374913080157	1242.6043977586314	423.3675684100296
PWY4FS-8	440.2990191008016	482.05085444873976	1229.860541210369	1304.201045421573	1899.7581321973728	1410.9677437806745	2293.7374913080157	1242.6043977586314	423.3675684100296
PWY4LZ-257	0.0	0.0	0.0	0.0	0.0	0.0	0.0	0.4146795743230169	73.94019518398984
PWY66-367	0.0	0.0	0.0	6.463326803958855	3.401544380855521	0.0	0.0	0.0	0.0
PWY66-373	0.0	5.438383734298752	0.0	0.0	0.0	0.0	0.0	0.0	0.0
PWY66-389	17.818430124801207	59.38394740425848	521.0921283929102	1643.522846566979	850.8241993092629	160.22824136337624	151.716850325914	3.1912480766737383	274.01709357001647
PWY66-391	0.0	0.0	0.0	0.0	17.23109930452527	6.690980380903582	0.0	0.0	0.0
PWY66-399	0.0	0.0	418.77904403410565	957.043650228658	243.7517812014873	183.0410928052661	0.0	134.28287987202685	276.28554129583404
PWY66-409	0.0	0.0	18.55280989273807	138.37816703757233	477.2544373447719	9.152492439616664	0.0	0.0	147.7780790197844
PYRIDNUCSAL-PWY	115.5102545315265	224.7418840012259	441.8290560254326	266.8693007509633	723.5946202315532	268.9959635079411	453.2024381115702	406.2817630816725	228.2761593937544
PYRIDNUCSYN-PWY	7.310829014007827	34.8793573925842	325.98696861342137	693.4715245179636	244.94820620157924	191.91861126763413	289.97957938741206	510.1222153569213	286.78085007234586
PYRIDOXSYN-PWY	206.86405170194595	240.62605368444125	433.2289156714175	813.1186264889246	364.7273498154906	347.2488759487894	299.72657890760735	578.1649989919807	351.52122653334186
REDCITCYC	0.0	0.0	134.8402066198317	230.2178511628414	431.9441838625168	114.10918184220888	100.41799698236116	99.01655852072992	120.73342678502036
RHAMCAT-PWY	2.3541864550448977	18.1431036363448	172.90658023430385	374.1417229357706	151.38340010590042	385.5947118208511	46.92858463212558	1.6542254314928386	69.68970955996313
RIBOSYN2-PWY	415.2113009417457	471.9656709988605	738.904436270516	1489.2749011213848	1571.2065417082265	1077.3210383770356	1839.314734624215	1160.4070928430986	536.6032910531472
RUMP-PWY	70.63628488889796	107.61248449654911	271.0215066928579	122.23881873091564	404.2267479362672	80.56051827743276	158.2252413268816	14.091779079877655	0.0
SALVADEHYPOX-PWY	0.0	0.0	334.48114019176944	916.568751729528	760.6869365415342	18.02997746188716	107.43773525099068	1.2838966272881258	24.405927562573623
SER-GLYSYN-PWY	406.5608336039167	496.7733057723976	842.9052532347444	1712.4680778636866	1632.8615196883463	712.9976215098018	1788.4326645038536	1176.8266166635046	778.7658731636963
SO4ASSIM-PWY	5.6265677895892585	76.1441124797093	267.49643377720844	1396.3941689206947	130.51630787155412	133.80225344388606	158.68172941190977	289.61040719466286	122.28321784254346
SUCSYN-PWY	0.0	0.0	0.0	28.98964255799452	0.0	0.0	0.0	0.0	0.0
SULFATE-CYS-PWY	12.409634925929158	139.21631989691093	421.4187973308274	1569.7383251849978	266.2387844677854	234.63217629489355	321.23454941696707	467.4619416662089	222.99312665597435
THISYNARA-PWY	274.58748187110626	361.9496417035091	653.8005213744354	822.0502724804196	1300.6350792966832	1283.896255098657	834.9638823322005	928.9490978878608	355.55132222893025
THRESYN-PWY	347.811605381239	416.8972481012916	918.089036158356	1578.5474401248923	1837.3652586735652	805.4883261279999	1978.0516977826471	802.3924731690107	553.9789226527768
TOLUENE-DEG-3-OH-PWY	0.0	0.0	0.0	26.68523782544577	0.0	0.0	0.0	10.012937684704692	15.41857554779518
TRNA-CHARGING-PWY	453.7494996094591	536.7430593345904	1127.5662383858598	1597.9703311573558	2011.3547605769927	1194.3669676860588	2015.0010474754836	1260.2266181017044	697.6047459924347
TYRFUMCAT-PWY	0.0	0.0	0.0	0.4509249163976191	0.0	0.0	0.0	0.0	0.0
UDPNAGSYN-PWY	309.98290680840256	321.55198371366635	755.5526615416304	1006.3741396263352	1432.4729827044018	1151.9451505192574	1730.281154837324	728.3541457212533	270.03497032880847
URDEGR-PWY	0.0	0.0	0.0	452.5867701038758	0.0	0.0	0.0	0.0	0.0
URSIN-PWY	0.0	0.0	0.0	664.7194160803804	0.0	0.0	0.0	1.135811434066949	27.322975814897948
VALSYN-PWY	386.872792118405	382.3519591387755	823.543975863399	1194.2408157465704	1741.7120684419424	654.2850820370116	2065.272633046711	1029.6790274627965	478.80565850898887
