contrast	feature_id	we.ep	we.eBH	wi.ep	wi.eBH	rab.all	rab.win.feces	rab.win.saliva	diff.btw	diff.win	effect	overlap	significant	status	detail
feces_vs_saliva	Faecalibacterium	0.000196270955541505	0.00184342329345419	0	0	3.26560062152931	11.0003942422225	-3.86628572677334	-14.6415192835999	4.11120558943598	-3.57911304968201	0.000219271997703997	yes	ok	
feces_vs_saliva	Agathobacter	0.000286748997870949	0.00226803822380971	0	0	4.58041059586966	10.2291369326671	-3.6660660432554	-13.8504595724366	2.85504923475808	-5.01701463110465	0.000219271997703997	yes	ok	
feces_vs_saliva	Porphyromonas	0.000289327967461694	0.00277654879944929	0.00793650793650794	0.037449715851304	4.29239940285842	-3.91281825111747	10.6430921038344	14.4276007908648	2.66204863507604	5.39125517882157	0.000219271997703997	yes	ok	
feces_vs_saliva	Bifidobacterium	0.000443123632582225	0.00313595236704572	0	0	3.68513731206734	10.3596975615254	-3.80411899051787	-13.8389976699432	3.49640739000038	-4.07467350942207	0.000219271997703997	yes	ok	
feces_vs_saliva	Bacteroides	0.000368098492375438	0.00316199089581518	0	0	2.20029940955792	9.67229456016561	-3.81437567551347	-12.6882773242811	4.47163877834915	-3.01230839374168	0.000219271997703997	yes	ok	
feces_vs_saliva	Mediterraneibacter	0.000431887962676758	0.00317826559394986	0	0	3.86003036494716	8.92694392440532	-3.76330776744081	-12.9945292549995	3.02604234697281	-4.48313250339205	0.000219271997703997	yes	ok	
feces_vs_saliva	Ruminococcaceae (f)	0.000462639789477829	0.00326914814119609	0	0	3.87231763323596	9.81916351897645	-3.82478784378997	-13.2570852431268	3.51385015040126	-3.84613504427836	0.000219271997703997	yes	ok	
feces_vs_saliva	Fusobacterium	0.000409574900165765	0.00368416066319086	0.00793650793650794	0.037449715851304	4.87689904084394	-4.12939138223553	10.2534606414771	14.3508073013451	2.51638693018076	6.02343556405216	0.000219271997703997	yes	ok	
feces_vs_saliva	Dorea	0.000544730147020906	0.0037150643359456	0	0	4.35910099146724	9.1704375522432	-3.8403807913933	-13.703924591622	3.29412334872733	-4.1747530952634	0.000219271997703997	yes	ok	
feces_vs_saliva	Gemmiger	0.000565677691033915	0.00377064791171236	0	0	3.56185999904708	9.65978964514247	-3.88685803264632	-13.3924107969674	3.58085082804034	-3.77359078387426	0.000219271997703997	yes	ok	
feces_vs_saliva	Blautia	0.000490681296744407	0.00378723285436757	0	0	2.10089103484319	8.57316010068534	-3.68920853910563	-12.2887901348419	3.86798646289008	-3.00346358836609	0.000219271997703997	yes	ok	
feces_vs_saliva	Collinsella	0.000589168775465082	0.00387730596262984	0	0	3.61005683217541	8.22515161768602	-4.17368221710776	-12.78270113395	2.9527529023442	-4.28913237215267	0.000219271997703997	yes	ok	
feces_vs_saliva	Neisseria	0.000572582203519775	0.00393540707348502	0.00793650793650794	0.037449715851304	3.02437349179969	-3.92277810324341	7.32693380266159	12.2233380691792	3.68622816132033	3.48681959204795	0.000219271997703997	yes	ok	
feces_vs_saliva	Coprococcus	0.000644978348124605	0.00421182980574392	0	0	4.29583007824987	8.53378421710256	-3.94351781520378	-13.1221828361142	3.10747638793896	-4.38565347583897	0.000219271997703997	yes	ok	
feces_vs_saliva	Tannerella	0.000687584587358177	0.00499307807721032	0.00793650793650794	0.037449715851304	2.68242335476163	-4.11574471442401	7.78523164061194	11.7000228331104	2.88226103840304	4.06989631273239	0.000219271997703997	yes	ok	
feces_vs_saliva	Treponema	0.000600755172564559	0.00526545541189149	0.00793650793650794	0.037449715851304	0.987016458763843	-3.97134399438444	8.98462748361185	12.3489705188351	4.19216039277968	3.0178964475473	0.000219271997703997	yes	ok	
feces_vs_saliva	Prevotella	0.000720496664667207	0.00547291646675717	0.00793650793650794	0.037449715851304	3.51032882572652	-3.38234217663785	7.3307914019494	11.1196682782749	3.37760781971771	3.35265722481731	0.000219271997703997	yes	ok	
feces_vs_saliva	Monoglobus	0.000970272740901664	0.00597995293347439	0	0	3.09216664484801	6.11986779041475	-3.79436346813532	-10.6288979000619	3.38546218712697	-3.1561724127073	0.000219271997703997	yes	ok	
feces_vs_saliva	Romboutsia	0.00115125951082487	0.00698209681705229	0	0	2.9346174891534	5.96033495107681	-3.9340499696988	-10.6418348117251	3.67557667551386	-3.09513208593664	0.000219271997703997	yes	ok	
feces_vs_saliva	Capnocytophaga	0.000960714134292878	0.007004628576793	0.00793650793650794	0.037449715851304	0.607071580215826	-4.16916014494264	6.97779707461603	10.7438272967309	4.24148834062533	2.68714084034306	0.000219271997703997	yes	ok	
feces_vs_saliva	Campylobacter	0.00116340107825881	0.00712980081717373	0.00793650793650794	0.037449715851304	2.77260018813173	-4.01505130782384	7.72890209130415	11.5611677099562	2.74652267570683	4.18419427979895	0.000219271997703997	yes	ok	
feces_vs_saliva	Haemophilus	0.00128684343848856	0.00726991209815333	0.00793650793650794	0.037449715851304	2.89765159170495	-4.0307297930497	7.16986846185118	11.8330471230176	2.8920768037296	3.96345062673258	0.000219271997703997	yes	ok	
feces_vs_saliva	Roseburia	0.0012365220383768	0.00731110287043315	0	0	2.43227415412299	6.59904557247323	-3.67687503824271	-11.0505636245406	3.84461997053358	-2.95074968093695	0.000219271997703997	yes	ok	
feces_vs_saliva	UCG-002	0.00119279414626315	0.00786157502391116	0	0	0.726610708385085	8.81045093994713	-3.72384826939579	-11.9899077661063	4.76963282782604	-2.45819733086243	0.000219271997703997	yes	ok	
feces_vs_saliva	Phascolarctobacterium	0.00149124783311832	0.00904309096954315	0	0	1.72139504650962	8.61820718960262	-3.88179110868544	-11.6087555322073	4.93539227137962	-2.27781289806471	0.000219271997703997	yes	ok	
feces_vs_saliva	Peptostreptococcus	0.00167907702257887	0.00915094066260118	0.00793650793650794	0.037449715851304	2.25872890827327	-4.09216251655978	5.94260258418519	10.2058592225644	2.9657013623808	3.44992725626252	0.000219271997703997	yes	ok	
feces_vs_saliva	Lachnospiraceae UCG-010	0.00171987411805921	0.00955481810359595	0	0	2.87515219749533	5.73988842410302	-3.7279289439819	-10.1332297471624	2.58560777825522	-3.87678757695403	0.000219271997703997	yes	ok	
feces_vs_saliva	F0058	0.00169176932510626	0.00987466591846368	0.00793650793650794	0.037449715851304	2.69705385528837	-4.1228377097941	6.25886717735909	10.3506582062767	2.32916467648795	4.49361850561449	0.000219271997703997	yes	ok	
feces_vs_saliva	Leptotrichia	0.00178690084252335	0.0111267425062985	0.00793650793650794	0.037449715851304	2.8362182584671	-3.8788693118535	5.81237529952458	9.78433696537041	2.34069701779879	4.1287976862754	0.000219271997703997	yes	ok	
feces_vs_saliva	Enterocloster	0.0019526801703982	0.0113395301157845	0	0	1.56994437043094	3.92098161562837	-3.87422782363731	-9.83422010086851	4.88009886969367	-2.20532080541216	0.000219271997703997	yes	ok	
feces_vs_saliva	Parvimonas	0.00185308699877416	0.0114143558044766	0.00793650793650794	0.037449715851304	3.55565281805406	-2.17919263206377	7.43952294909028	9.59390530426599	2.37110821135813	4.19729316162899	0.000219271997703997	yes	ok	
feces_vs_saliva	Ruthenibacterium	0.00216355607334434	0.01168608443592	6.2003968253968e-05	0.000292658730158729	0.79742443945517	6.51985130427038	-3.76174321091045	-9.45502636106147	3.63389489047251	-2.47347091210939	0.000219271997703997	yes	ok	
feces_vs_saliva	Peptostreptococcales-Tissierellales (o)	0.00233975932324114	0.0120575726609245	0.00806051587301587	0.0378375177793808	-0.0223119507035472	-4.39842009600526	5.53916270966107	9.59385664902021	3.83730179332383	2.39852518041038	0.00314650456979035	yes	ok	
feces_vs_saliva	Fusicatenibacter	0.00233485419672231	0.0122847304440241	0	0	2.2241984998501	5.70942899568601	-3.80930172702896	-9.50059990240644	2.63486244088838	-3.64350263464186	0.000219271997703997	yes	ok	
feces_vs_saliva	Catonella	0.0024460988719145	0.0126020319028055	0.00793650793650794	0.037449715851304	2.55272150845136	-4.41975484452009	5.61722398933607	10.2298189632763	2.78216785044782	3.62559220182687	0.000219271997703997	yes	ok	
feces_vs_saliva	Bilophila	0.00234695060546339	0.0136644595818868	6.2003968253968e-05	0.000281402625152624	1.13533143678122	6.07654447003766	-3.7171352388846	-9.45769438070712	4.24514331398368	-2.19558654276393	0.000219271997703997	yes	ok	
feces_vs_saliva	Desulfobulbus	0.00318752471152932	0.0154972724145168	0.00806051587301587	0.0378130326184359	-0.116436918994535	-3.87802938249843	4.44439881000742	8.12553739842897	3.3800274704995	2.49791037076988	0.00314650456979035	yes	ok	
feces_vs_saliva	Oribacterium	0.00301301421923954	0.0164537356278894	0.00793650793650794	0.037449715851304	1.74885351333038	-3.31418277210026	5.83549082293202	8.36273654331096	3.4812984600967	2.42306631255071	0.000219271997703997	yes	ok	
feces_vs_saliva	Erysipelotrichaceae UCG-003	0.00307266285916078	0.0174792865556019	0	0	0.298945190611839	5.87779297056965	-3.54809854868441	-10.3009921635368	4.88154260906304	-2.05371629706469	0.000219271997703997	yes	ok	
feces_vs_saliva	Rothia	0.0037689595583571	0.0185478870427416	0.00793650793650794	0.037449715851304	4.24733173308874	0.041085408778212	8.2569152188483	8.59519008728016	2.60676143738842	3.22428126584823	0.000219271997703997	yes	ok	
feces_vs_saliva	Gemella	0.00879257592481585	0.0414017834227146	0.00824652777777778	0.0384806698960234	7.19398547744376	3.0628051466673	8.19895650375155	5.25732312880934	2.47218997811242	1.84221822288159	0.00315633708546304	yes	ok	
feces_vs_saliva	Filifactor	0.014181094763217	0.051579846083618	0.043030753968254	0.127717408242615	-1.74924512580573	-3.94828024058063	8.49739059285172	11.9585332669769	4.53687913821322	2.15722571034418	0.0625015189476143	no	ok	
feces_vs_saliva	Fretibacterium	0.0169814572699348	0.0570876511018809	0.043030753968254	0.12781269438282	-1.88372350018587	-4.07467451283428	7.11716304464877	10.5392359683918	4.66467964969439	1.9315837223616	0.07187630560733	no	ok	
feces_vs_saliva	Veillonella	0.0147452242491092	0.0584461017021664	0.00793650793650794	0.037449715851304	5.66551293053372	-1.88541352832329	8.42123685089483	9.9228900144697	5.60850741534752	1.66776889685469	0.000219271997703997	no	ok	
feces_vs_saliva	Hornefia	0.0208691375731788	0.0646017441039934	0.0412946428571429	0.124386140412572	-1.53519883897362	-3.77228073414841	5.28323094911034	8.69994332138933	4.67211108480882	1.73356071818791	0.0781261916616032	no	ok	
feces_vs_saliva	Granulicatella	0.0181517970539631	0.0684819354720463	0.0138268849206349	0.0557927019648459	5.55507370290058	3.44624000175113	6.60862374612444	4.3702329683575	3.0339157586754	1.38526984679529	0.021879542708065	no	ok	
feces_vs_saliva	Defluviitaleaceae UCG-011	0.0224755436800334	0.0712180473457106	0.0471230158730159	0.138404460244344	-1.88380873125063	-4.04871313364649	6.54353792372615	9.70787558969743	4.42611004853446	1.8672444413751	0.07187630560733	no	ok	
feces_vs_saliva	[Eubacterium] sulci group	0.0228732976615071	0.0776884826542326	0.0157490079365079	0.0612935823104429	2.24186227514294	1.02872797240652	4.79216915395202	4.06810184299562	2.98914611639855	1.31741975778189	0.021879542708065	no	ok	
feces_vs_saliva	Mycoplasma	0.0318310653778219	0.0837568671407792	0.0417286706349206	0.124671118160396	-1.89022977882607	-4.29551299042899	4.02128532644428	8.40798450620171	4.50241923289486	1.6731367322741	0.07187630560733	no	ok	
feces_vs_saliva	Rikenellaceae RC9 gut group	0.0282488885248418	0.0838877574513948	0.0452008928571429	0.132825162390292	-1.689761914751	-3.97669406111333	3.91341106578647	8.06410135970605	4.43736609081774	1.61790668664617	0.0781261916616032	no	ok	
feces_vs_saliva	[Eubacterium] brachy group	0.032064903582232	0.0947316468544052	0.0535714285714286	0.153399154215556	-1.81319278051789	-3.97786579420801	4.10509141717047	7.93833181795494	4.35164989314333	1.59595875736783	0.0841132409735011	no	ok	
feces_vs_saliva	Lachnospiraceae (f)	0.0220139292159759	0.09589276646611	0.000434027777777776	0.001983680060937	4.94147234795938	8.65520897807704	3.36507348250986	-5.74137061855828	5.03296357758547	-1.39031005205537	0.00315633708546304	no	ok	
feces_vs_saliva	Lachnoanaerobaculum	0.0349373873413394	0.101965730665116	0.0557415674603175	0.160413856356988	-1.97000912284904	-4.1645845307327	4.50412967552462	8.22026449650988	4.56464904895441	1.56952339201827	0.0965741435808281	no	ok	
feces_vs_saliva	Kingella	0.0391080925820356	0.102748422103617	0.048921130952381	0.141606682939913	-1.94535349790346	-4.01065525856964	3.2764645177035	7.22886787162907	4.23220037012189	1.56587846970508	0.0872284624764168	no	ok	
feces_vs_saliva	Lautropia	0.0389081302469638	0.108151587317014	0.0613839285714286	0.174631551963085	-2.02609003018303	-4.02069413138183	4.73530069395753	7.69324751385439	4.30306123123121	1.46006128696676	0.105919844448988	no	ok	
feces_vs_saliva	[Eubacterium] ventriosum group	0.02883590662298	0.111495035179767	0.0300719246031746	0.109345716078067	-1.80888059336292	7.83756563072274	-3.89101212655848	-10.5732888841353	5.48112738694861	-1.67887770178336	0.0996893752824002	no	ok	
feces_vs_saliva	Phocaeicola	0.0412974206159315	0.117367329975621	0.056733630952381	0.163010010441391	-2.04713460925647	-4.03618339682449	3.40894737397702	7.04341293520558	4.26107094505702	1.43095289595333	0.109375815814783	no	ok	
feces_vs_saliva	CAG-56	0.0306211637084695	0.121169050343212	0.0395585317460317	0.141353743896132	-1.77993395631283	7.43109300002716	-3.81015318676188	-11.3869315533884	5.90763689453739	-1.53352045110725	0.11562576473835	no	ok	
feces_vs_saliva	[Eubacterium] yurii group	0.0506840927183151	0.13637447503341	0.0684523809523809	0.191247942527338	-2.06741640652128	-4.15654682487928	3.50273244998378	7.40888671168078	5.02166102964624	1.31464241646956	0.118380801582928	no	ok	
feces_vs_saliva	Hoylesella	0.0521625745991235	0.144063117182966	0.0688244047619048	0.189229614554735	-2.03201265575464	-4.10428790254973	4.73197074907029	8.16688610270512	5.47617652878583	1.36552701119924	0.0996893752824002	no	ok	
feces_vs_saliva	Faecalimonas	0.0482529616255765	0.153502840061503	0.0288938492063492	0.103483357913706	-1.68862014648701	2.91963534686829	-3.82293339791315	-7.00008816117954	5.37707096755163	-1.34136600025753	0.0841132409735011	no	ok	
feces_vs_saliva	Lactobacillales (o)	0.0567989516612786	0.153657928299372	0.0668402777777778	0.188342025784132	-0.397945232164177	-3.47760442687109	3.77876409843179	7.39219624436676	5.10052480763593	1.32494837640716	0.112500789579864	no	ok	
feces_vs_saliva	Alistipes	0.0461339498706951	0.161710910178336	0.0387524801587301	0.137261125779284	-1.89753300511827	4.25022897748581	-4.06328707768466	-8.38538802256287	5.11798598616068	-1.43253914480549	0.11215032023131	no	ok	
feces_vs_saliva	Solobacterium	0.0567227966860624	0.163059427534339	0.0153769841269841	0.0596417591267317	4.17211348850058	3.25286685651779	5.95147067939446	2.83261366791313	2.27017209234383	1.13261818596218	0.0375026062795351	no	ok	
feces_vs_saliva	[Eubacterium] saphenum group	0.0820332136012522	0.204231395519137	0.142981150793651	0.331898517223463	-2.5581876164358	-4.26993391504459	6.22653638336061	8.82612264912735	7.50541670402603	1.07047713738251	0.162500504530766	no	ok	
feces_vs_saliva	Parabacteroides	0.063228090636063	0.208057008328048	0.0469990079365079	0.160660189260446	-1.70813512966911	5.80335057838925	-3.87717022125688	-8.85915552132571	6.29684501257601	-1.21349299050023	0.130841777804535	no	ok	
feces_vs_saliva	Alloprevotella	0.0836233426065237	0.211501925223519	0.126426091269841	0.304547937313829	-2.43591121854868	-4.129387984073	3.19953961280268	6.16853163620204	5.46191251684987	1.09524499111533	0.156250530469528	no	ok	
feces_vs_saliva	Segatella	0.0890826970416335	0.237214374664963	0.150793650793651	0.366055222299578	3.80513941770499	-3.32671596264436	6.21782831076776	8.80813254649843	4.39066436261405	1.17753940856709	0.20000038146567	no	ok	
feces_vs_saliva	Anaeroglobus	0.0992080621598153	0.239603003663162	0.158358134920635	0.34598191613759	-2.48490823389798	-3.94369277808627	3.67138522329928	6.51996229887641	5.89601896359822	0.994381228409138	0.165625492264954	no	ok	
feces_vs_saliva	Lentimicrobium	0.109323829081919	0.260917176885561	0.181175595238095	0.378802156185114	-2.57011614190616	-4.01253879844846	4.08324885026114	7.1252441706879	6.42360923761208	0.983148053629287	0.161994272879549	no	ok	
feces_vs_saliva	Selenomonadaceae (f)	0.11454589556556	0.263981297435655	0.174045138888889	0.388292090776005	-2.74725912948055	-4.16558198137745	4.22655547093235	6.84745612071221	6.37503587652411	1.02667981278192	0.181250436992672	no	ok	
feces_vs_saliva	Centipeda	0.123374110715639	0.282755926996097	0.175223214285714	0.385052365586012	-2.75540261844052	-4.17775114511397	3.07517676157091	6.142926819994	5.58074389264644	0.988489355676144	0.171340031873631	no	ok	
feces_vs_saliva	Pseudoleptotrichia	0.123653457924107	0.28882385623421	0.21391369047619	0.453611673617708	-2.64393233460469	-4.12151841123448	5.30945798467099	7.92048324347522	7.37581245662401	0.927595849244239	0.196262071551004	no	ok	
feces_vs_saliva	Flexilinea	0.124401638647931	0.289398746770868	0.17156498015873	0.389357057317597	-2.50630392902674	-3.97101831984422	3.35889205850404	5.9266046196749	5.59131328348182	0.934837281620198	0.184375427004342	no	ok	
feces_vs_saliva	Xylanibacter	0.123407821789014	0.289948616158116	0.200706845238095	0.424316016739831	-2.76797296467494	-4.09610139478077	3.09601805644879	6.85309629641948	6.54668932516815	0.93275173075207	0.206250365051901	no	ok	
feces_vs_saliva	Streptococcus	0.118066620957401	0.293796693336713	0.201512896825397	0.46737714119581	10.2269383617152	7.69217313531741	10.541690049356	2.69761309317816	2.86146453605747	0.826950844054618	0.233645160573015	no	ok	
feces_vs_saliva	Escherichia-Shigella	0.0896760447357147	0.29407697861286	0.107452876984127	0.315383828013387	-2.65949340824862	3.51251173293307	-4.12809523893158	-8.19408838180847	7.45440618536137	-0.98378333689757	0.181250436992672	no	ok	
feces_vs_saliva	Acholeplasma	0.131364064869956	0.296110607436755	0.181485615079365	0.396976316725523	-2.92177574162456	-4.23329139695083	2.56605184030426	6.86803775686717	6.711389585658	0.909829801944778	0.190031559811248	no	ok	
feces_vs_saliva	Stomatobaculum	0.134194651634246	0.310587509312588	0.221850198412698	0.465613637598167	-2.68426231365375	-3.92182819720126	3.32383631806098	6.67919074934271	6.69229348055001	0.84478851602205	0.205607841051193	no	ok	
feces_vs_saliva	Lachnospiraceae NK4A136 group	0.0999559490998015	0.314883572132947	0.134424603174603	0.36593788330579	-2.52451965376592	6.55708480234958	-3.90072330535035	-9.55826082977795	8.05976419427433	-0.995858362664263	0.203125373142194	no	ok	
feces_vs_saliva	Dialister	0.134637742933169	0.324681794245448	0.150793650793651	0.366055222299578	5.20813457879527	-2.06562568898443	6.54012540710402	8.19703863719845	4.66178342977451	1.188693361919	0.20000038146567	no	ok	
feces_vs_saliva	Christensenellaceae R-7 group	0.101428937322014	0.325695314466151	0.157366071428571	0.429589522862146	-2.66878240664424	6.15042437591171	-3.89395119213065	-10.3988720257627	7.7834280288413	-1.00043781359948	0.228125314126487	no	ok	
feces_vs_saliva	Howardella	0.11219769758879	0.332975773343986	0.140438988095238	0.380395454686503	-2.56536317682887	6.41272772552759	-3.89088439988397	-8.89399580582549	8.24313583535108	-0.957512368551973	0.20000038146567	no	ok	
feces_vs_saliva	[Eubacterium] eligens group	0.130424792798699	0.359281930690124	0.126426091269841	0.345860907936332	-2.45768836623579	2.08084735941375	-3.80267201062774	-5.72233874043363	5.92656735083808	-0.918209520848223	0.180685794357714	no	ok	
feces_vs_saliva	[Eubacterium] ruminantium group	0.124853884065123	0.362129567389186	0.155691964285714	0.41774875141193	-2.52513967338385	3.48076957144785	-3.69943496391275	-7.58881497851402	6.81360173210561	-0.832454644258262	0.20000038146567	no	ok	
feces_vs_saliva	NK4A214 group	0.136458232694274	0.383706478672898	0.175533234126984	0.458797873521558	-2.58473872913212	5.75099414718887	-3.55969337556029	-8.4625850749633	8.06904435943775	-0.908356039794783	0.234375301159704	no	ok	
feces_vs_saliva	Negativibacillus	0.129666883691713	0.384866146601717	0.189298115079365	0.491726478458395	-2.69955780544258	6.43591465396728	-4.01078854613072	-9.01127641043311	8.55615465845315	-0.874452534137132	0.233645160573015	no	ok	
feces_vs_saliva	Family XIII AD3011 group	0.140577385380491	0.392476151793276	0.18061755952381	0.471037975169324	-2.58208985355745	4.39158069139501	-3.71710148133787	-7.17489042711163	7.13489774770498	-0.893832895532066	0.227414643895721	no	ok	
feces_vs_saliva	Ruminococcus	0.169669938818703	0.453474911888661	0.154265873015873	0.410406154608857	-2.69025816868976	1.96151036072928	-3.86524046512673	-5.16299720472889	7.24883222559526	-0.683790211153591	0.225000320851094	no	ok	
feces_vs_saliva	Prevotellaceae (f)	0.242586969100858	0.485349236773531	0.374007936507937	0.632262212936869	-3.14681145932892	-3.97907108648635	-1.42471369072553	4.26878111709002	7.79569965465076	0.571782319629807	0.274143531663651	no	ok	
feces_vs_saliva	Selenomonas	0.248841478173645	0.489321471311435	0.380890376984127	0.618543016937666	-3.02283344614176	-4.0017924257569	-1.55193945128949	4.09384327155465	6.18504611920201	0.605823242385699	0.274143531663651	no	ok	
feces_vs_saliva	Bergeyella	0.287678438894404	0.53086187297875	0.395709325396825	0.640138887230835	-3.37642899998414	-4.36317495805418	-1.82060258272897	3.68896412754054	6.8733779636516	0.507316589257718	0.277258791717552	no	ok	
feces_vs_saliva	Abiotrophia	0.27632442784237	0.538826345801925	0.309647817460317	0.589858130598583	-1.94622893600287	-3.30428783126026	3.17614892197334	4.61355924405467	7.07709634717708	0.571752577983038	0.253125265674504	no	ok	
feces_vs_saliva	Tyzzerella	0.232090108859927	0.582014427943766	0.322606646825397	0.614954471428954	-3.04619449452198	-1.90474824146128	-3.81271023065828	-3.46323524228147	7.68693636524178	-0.497475499708728	0.299065614362339	no	ok	
feces_vs_saliva	Megasphaera	0.333692565671348	0.595191075796012	0.500558035714286	0.722475205913336	-3.36024531879833	-4.18328033304866	-2.22685277916245	3.29036834785601	6.86293603144959	0.50777209131885	0.315625173657328	no	ok	
feces_vs_saliva	Acutalibacter	0.250750833170917	0.611216225400899	0.350198412698413	0.664564315019162	-3.1039654989741	-1.86459070274429	-3.65203706333811	-3.47333239241096	7.35704954981218	-0.466920764914939	0.325000162295924	no	ok	
feces_vs_saliva	UCG-005	0.262136376652272	0.612638806825553	0.353670634920635	0.638498218606268	-3.06016643980745	-1.82405381225724	-3.8193532300342	-3.67767373886353	7.62587582914558	-0.517980016656484	0.317757179312223	no	ok	
feces_vs_saliva	Catenibacterium	0.244725273884644	0.624160484599717	0.357390873015873	0.685185649275568	-3.09844104262224	-1.90881091273145	-3.92836244518658	-3.73520182523647	9.61604095781431	-0.506605085728333	0.309375181513484	no	ok	
feces_vs_saliva	Barnesiella	0.273098575313834	0.626557690980998	0.374937996031746	0.678387169873182	-3.12483035997871	-2.15149445999431	-3.93074875308196	-3.69783540469007	8.48530236155624	-0.483068335009595	0.293750202261858	no	ok	
feces_vs_saliva	[Ruminococcus] gnavus group	0.259952782755293	0.644919286686276	0.436259920634921	0.738630142411587	-3.20606377821769	-2.41427480985928	-3.70657476691045	-2.87231621842604	10.6181659865594	-0.395574945582644	0.337500147859933	no	ok	
feces_vs_saliva	Slackia	0.303909534330393	0.66072756730648	0.409412202380952	0.693176696098013	-3.06959677506532	-1.96937393405628	-3.78477558975182	-3.39960280471414	7.60168670139314	-0.507209997091331	0.333333484971294	no	ok	
feces_vs_saliva	[Eubacterium] xylanophilum group	0.307805527076738	0.674906349810584	0.377666170634921	0.698926404090727	-3.07890751994006	-1.77379922472748	-3.70823226804285	-3.10320461654685	6.61883182856648	-0.416325011294739	0.328125158614043	no	ok	
feces_vs_saliva	Aggregatibacter	0.441800045103472	0.676507730146773	0.545572916666667	0.747184980057471	-3.76924604135109	-4.38641627044468	-2.85627378483514	2.02619529317835	6.04822074024285	0.303481759652358	0.359375124270413	no	ok	
feces_vs_saliva	Family XIII UCG-001	0.299641402810979	0.68274384078629	0.441840277777778	0.770283502735752	-3.19988867014109	-2.17818043612118	-3.71306682363467	-3.23308239557518	8.86946544038639	-0.438487618226538	0.348909791792063	no	ok	
feces_vs_saliva	Pelospora	0.453320798331794	0.727449712363328	0.581597222222222	0.786855287282617	-3.54268288032051	-4.03120926903295	-3.00479364487149	1.49782400811757	6.2976580892453	0.206920559673483	0.36875011471571	no	ok	
feces_vs_saliva	Akkermansia	0.344170441733115	0.748317154188369	0.396515376984127	0.690983523242339	-2.98523083961195	-1.79103882206752	-3.68369445405656	-2.30875973207466	6.73948447903249	-0.248370162375147	0.328125158614043	no	ok	
feces_vs_saliva	Lancefieldella	0.463436605897906	0.803831933711421	0.430493551587302	0.819293781116592	0.459033376467781	-0.00535316654470819	4.58621981918178	3.61336486552358	7.30905444554152	0.455934007710367	0.317757179312223	no	ok	
feces_vs_saliva	Thomasclavelia	0.464536483615862	0.827084097504242	0.533172123015873	0.804611288524093	-3.68594608584671	-3.21295707177964	-4.16374310885523	-1.40407295002479	6.79560823219676	-0.185011881649149	0.400000084770726	no	ok	
feces_vs_saliva	Succinivibrio	0.485441017550874	0.853693250090335	0.596168154761905	0.842922459686032	-3.59971544652828	-3.31606730978392	-3.85893024407329	-0.9616657518093	5.50420405788764	-0.109625133442003	0.434375054341691	no	ok	
feces_vs_saliva	Holdemanella	0.511748381190107	0.858034085766079	0.603360615079365	0.84335102490649	-3.58170835759442	-3.40170587237446	-3.78461884171766	-0.949033003704081	5.95228926446702	-0.145594900577585	0.423676075659681	no	ok	
feces_vs_saliva	Mitsuokella	0.520712998843913	0.864402644223771	0.619171626984127	0.848498373628618	-3.59570692390596	-3.3130995178693	-3.83518098715445	-0.967851583429809	6.25666662673134	-0.125750221277044	0.403125081911665	no	ok	
feces_vs_saliva	CAG-352	0.517855488120231	0.86472759285066	0.58141121031746	0.841538340211028	-3.66730096694237	-3.30393489402186	-3.92109830673	-0.998867420929965	6.39162652530532	-0.129308173958034	0.406250079073589	no	ok	
feces_vs_saliva	Senegalimassilia	0.535052640762332	0.883558329146682	0.64905753968254	0.886872534737577	-3.69913978708441	-3.46528466656078	-3.87396873322876	-0.859598529670119	6.34559394629203	-0.10778560198049	0.428125059725995	no	ok	
feces_vs_saliva	Hafnia-Obesumbacterium	0.571257267924448	0.884778996874079	0.62562003968254	0.859437776257818	-3.86087369051538	-3.72638798973998	-3.97942166629777	-0.77214716089977	6.35855719707743	-0.116527486279733	0.431250057026856	no	ok	
feces_vs_saliva	Klebsiella	0.64812163947484	0.942952511707224	0.772321428571429	0.941569687270146	-3.18920014052134	-3.2130076239969	-3.16322034974258	-0.181050298988414	7.42819050769624	-0.0199749543335801	0.489096582030921	no	ok	
feces_vs_saliva	Schaalia	0.806973963817273	0.973475258089485	0.813492063492063	0.965948630381421	-1.69054512303875	-1.83847995076391	-1.48029819675623	0.664275783853863	7.54922141816835	0.069387440526467	0.459375033280296	no	ok	
feces_vs_saliva	TM7x	0.890997449831914	0.998743659715173	0.619667658730159	0.972874748760766	3.24159715759842	2.80859514604381	4.97810605824232	1.77802693087737	7.57849206427363	0.204732283018146	0.376947146432037	no	ok	
feces_vs_saliva	Incertae Sedis	0.690060577817691	1	0.638144841269841	1	8.52788790927356	9.0141181531607	7.97538711298908	-1.11862635046615	3.13341952190277	-0.284461518648284	0.418750067914544	no	ok	
